公司,职位,地区,级别名称,总计,基本工资,股票,奖金,Source_URL,Capture_Time
Binance,软件工程师,Singapore,1.1(入门级),5806.4,5806.4,0,0,https://www.levels.fyi/zh-cn/companies/binance/salaries/software-engineer?country=219,2026-03-12 17:21:01
Binance,软件工程师,Singapore,1.2,7359.9,6457.4,0,902.5,https://www.levels.fyi/zh-cn/companies/binance/salaries/software-engineer?country=219,2026-03-12 17:21:01
Binance,软件工程师,Singapore,2.1,7725.4,6879.9,79.3,766.3,https://www.levels.fyi/zh-cn/companies/binance/salaries/software-engineer?country=219,2026-03-12 17:21:01
Binance,软件工程师,Singapore,2.2,6989,5987.1,520.8,481.1,https://www.levels.fyi/zh-cn/companies/binance/salaries/software-engineer?country=219,2026-03-12 17:21:01
Binance,软件工程师,Singapore,3.1,1.2万,9643.7,897.8,1174,https://www.levels.fyi/zh-cn/companies/binance/salaries/software-engineer?country=219,2026-03-12 17:21:01
Binance,软件工程师,Singapore,3.2,1.5万,1.3万,1146.1,1232.5,https://www.levels.fyi/zh-cn/companies/binance/salaries/software-engineer?country=219,2026-03-12 17:21:01
Binance,软件工程师,Singapore,3.3,2万,1.6万,0,3444.6,https://www.levels.fyi/zh-cn/companies/binance/salaries/software-engineer?country=219,2026-03-12 17:21:01
Binance,软件工程师,Singapore,3.4,--,--,--,--,https://www.levels.fyi/zh-cn/companies/binance/salaries/software-engineer?country=219,2026-03-12 17:21:01
Binance,软件工程师,Singapore,4.1,--,--,--,--,https://www.levels.fyi/zh-cn/companies/binance/salaries/software-engineer?country=219,2026-03-12 17:21:01
Binance,软件工程师,United States,1.1(入门级),9097.3,8333.3,763.9,0,https://www.levels.fyi/zh-cn/companies/binance/salaries/software-engineer/locations/united-states?country=254,2026-03-12 17:21:06
Binance,软件工程师,United States,1.2,--,--,--,--,https://www.levels.fyi/zh-cn/companies/binance/salaries/software-engineer/locations/united-states?country=254,2026-03-12 17:21:06
Binance,软件工程师,United States,2.1,--,--,--,--,https://www.levels.fyi/zh-cn/companies/binance/salaries/software-engineer/locations/united-states?country=254,2026-03-12 17:21:06
Binance,软件工程师,United States,2.2,--,--,--,--,https://www.levels.fyi/zh-cn/companies/binance/salaries/software-engineer/locations/united-states?country=254,2026-03-12 17:21:07
Binance,软件工程师,United States,3.1,1.7万,1.3万,3055.6,1666.7,https://www.levels.fyi/zh-cn/companies/binance/salaries/software-engineer/locations/united-states?country=254,2026-03-12 17:21:07
Binance,软件工程师,United States,3.2,--,--,--,--,https://www.levels.fyi/zh-cn/companies/binance/salaries/software-engineer/locations/united-states?country=254,2026-03-12 17:21:07
Binance,软件工程师,United States,3.3,--,--,--,--,https://www.levels.fyi/zh-cn/companies/binance/salaries/software-engineer/locations/united-states?country=254,2026-03-12 17:21:07
Binance,软件工程师,United States,3.4,--,--,--,--,https://www.levels.fyi/zh-cn/companies/binance/salaries/software-engineer/locations/united-states?country=254,2026-03-12 17:21:07
Binance,软件工程师,United States,4.1,--,--,--,--,https://www.levels.fyi/zh-cn/companies/binance/salaries/software-engineer/locations/united-states?country=254,2026-03-12 17:21:07
Binance,软件工程师,United States - New York City Area,1.1(入门级),9479.2,8333.3,1145.8,0,https://www.levels.fyi/zh-cn/companies/binance/salaries/software-engineer/locations/new-york-city-area?dma=501,2026-03-12 17:21:12
Binance,软件工程师,United States - New York City Area,1.2,--,--,--,--,https://www.levels.fyi/zh-cn/companies/binance/salaries/software-engineer/locations/new-york-city-area?dma=501,2026-03-12 17:21:12
Binance,软件工程师,United States - New York City Area,2.1,--,--,--,--,https://www.levels.fyi/zh-cn/companies/binance/salaries/software-engineer/locations/new-york-city-area?dma=501,2026-03-12 17:21:12
Binance,软件工程师,United States - New York City Area,2.2,--,--,--,--,https://www.levels.fyi/zh-cn/companies/binance/salaries/software-engineer/locations/new-york-city-area?dma=501,2026-03-12 17:21:12
Binance,软件工程师,United States - New York City Area,3.1,--,--,--,--,https://www.levels.fyi/zh-cn/companies/binance/salaries/software-engineer/locations/new-york-city-area?dma=501,2026-03-12 17:21:12
Binance,软件工程师,United States - New York City Area,3.2,--,--,--,--,https://www.levels.fyi/zh-cn/companies/binance/salaries/software-engineer/locations/new-york-city-area?dma=501,2026-03-12 17:21:12
Binance,软件工程师,United States - New York City Area,3.3,--,--,--,--,https://www.levels.fyi/zh-cn/companies/binance/salaries/software-engineer/locations/new-york-city-area?dma=501,2026-03-12 17:21:12
Binance,软件工程师,United States - New York City Area,3.4,--,--,--,--,https://www.levels.fyi/zh-cn/companies/binance/salaries/software-engineer/locations/new-york-city-area?dma=501,2026-03-12 17:21:12
Binance,软件工程师,United States - New York City Area,4.1,--,--,--,--,https://www.levels.fyi/zh-cn/companies/binance/salaries/software-engineer/locations/new-york-city-area?dma=501,2026-03-12 17:21:12
Binance,软件工程师,United Arab Emirates,1.1(入门级),--,--,--,--,https://www.levels.fyi/zh-cn/companies/binance/salaries/software-engineer/locations/united-arab-emirates?country=252,2026-03-12 17:21:17
Binance,软件工程师,United Arab Emirates,1.2,--,--,--,--,https://www.levels.fyi/zh-cn/companies/binance/salaries/software-engineer/locations/united-arab-emirates?country=252,2026-03-12 17:21:17
Binance,软件工程师,United Arab Emirates,2.1,--,--,--,--,https://www.levels.fyi/zh-cn/companies/binance/salaries/software-engineer/locations/united-arab-emirates?country=252,2026-03-12 17:21:17
Binance,软件工程师,United Arab Emirates,2.2,--,--,--,--,https://www.levels.fyi/zh-cn/companies/binance/salaries/software-engineer/locations/united-arab-emirates?country=252,2026-03-12 17:21:17
Binance,软件工程师,United Arab Emirates,3.1,1.2万,1万,229.2,979.2,https://www.levels.fyi/zh-cn/companies/binance/salaries/software-engineer/locations/united-arab-emirates?country=252,2026-03-12 17:21:17
Binance,软件工程师,United Arab Emirates,3.2,1.4万,1.2万,1250,1250,https://www.levels.fyi/zh-cn/companies/binance/salaries/software-engineer/locations/united-arab-emirates?country=252,2026-03-12 17:21:17
Binance,软件工程师,United Arab Emirates,3.3,--,--,--,--,https://www.levels.fyi/zh-cn/companies/binance/salaries/software-engineer/locations/united-arab-emirates?country=252,2026-03-12 17:21:17
Binance,软件工程师,United Arab Emirates,3.4,--,--,--,--,https://www.levels.fyi/zh-cn/companies/binance/salaries/software-engineer/locations/united-arab-emirates?country=252,2026-03-12 17:21:17
Binance,软件工程师,United Arab Emirates,4.1,--,--,--,--,https://www.levels.fyi/zh-cn/companies/binance/salaries/software-engineer/locations/united-arab-emirates?country=252,2026-03-12 17:21:17
Binance,软件工程师,United Arab Emirates - Greater Dubai Area,1.1(入门级),--,--,--,--,https://www.levels.fyi/zh-cn/companies/binance/salaries/software-engineer/locations/greater-dubai-area?dma=10040,2026-03-12 17:21:23
Binance,软件工程师,United Arab Emirates - Greater Dubai Area,1.2,--,--,--,--,https://www.levels.fyi/zh-cn/companies/binance/salaries/software-engineer/locations/greater-dubai-area?dma=10040,2026-03-12 17:21:23
Binance,软件工程师,United Arab Emirates - Greater Dubai Area,2.1,--,--,--,--,https://www.levels.fyi/zh-cn/companies/binance/salaries/software-engineer/locations/greater-dubai-area?dma=10040,2026-03-12 17:21:23
Binance,软件工程师,United Arab Emirates - Greater Dubai Area,2.2,--,--,--,--,https://www.levels.fyi/zh-cn/companies/binance/salaries/software-engineer/locations/greater-dubai-area?dma=10040,2026-03-12 17:21:23
Binance,软件工程师,United Arab Emirates - Greater Dubai Area,3.1,1.2万,1万,229.2,979.2,https://www.levels.fyi/zh-cn/companies/binance/salaries/software-engineer/locations/greater-dubai-area?dma=10040,2026-03-12 17:21:23
Binance,软件工程师,United Arab Emirates - Greater Dubai Area,3.2,1.4万,1.2万,1250,1250,https://www.levels.fyi/zh-cn/companies/binance/salaries/software-engineer/locations/greater-dubai-area?dma=10040,2026-03-12 17:21:23
Binance,软件工程师,United Arab Emirates - Greater Dubai Area,3.3,--,--,--,--,https://www.levels.fyi/zh-cn/companies/binance/salaries/software-engineer/locations/greater-dubai-area?dma=10040,2026-03-12 17:21:23
Binance,软件工程师,United Arab Emirates - Greater Dubai Area,3.4,--,--,--,--,https://www.levels.fyi/zh-cn/companies/binance/salaries/software-engineer/locations/greater-dubai-area?dma=10040,2026-03-12 17:21:23
Binance,软件工程师,United Arab Emirates - Greater Dubai Area,4.1,--,--,--,--,https://www.levels.fyi/zh-cn/companies/binance/salaries/software-engineer/locations/greater-dubai-area?dma=10040,2026-03-12 17:21:23
Binance,软件工程师,Taiwan,1.1(入门级),--,--,--,--,https://www.levels.fyi/zh-cn/companies/binance/salaries/software-engineer/locations/taiwan?country=236,2026-03-12 17:21:28
Binance,软件工程师,Taiwan,1.2,--,--,--,--,https://www.levels.fyi/zh-cn/companies/binance/salaries/software-engineer/locations/taiwan?country=236,2026-03-12 17:21:28
Binance,软件工程师,Taiwan,2.1,4811.7,4171.3,0,640.3,https://www.levels.fyi/zh-cn/companies/binance/salaries/software-engineer/locations/taiwan?country=236,2026-03-12 17:21:28
Binance,软件工程师,Taiwan,2.2,5164.5,4131.1,192.9,840.5,https://www.levels.fyi/zh-cn/companies/binance/salaries/software-engineer/locations/taiwan?country=236,2026-03-12 17:21:28
Binance,软件工程师,Taiwan,3.1,6705.7,5443.4,0,1262.3,https://www.levels.fyi/zh-cn/companies/binance/salaries/software-engineer/locations/taiwan?country=236,2026-03-12 17:21:28
Binance,软件工程师,Taiwan,3.2,7508.3,5580.3,0,1927.9,https://www.levels.fyi/zh-cn/companies/binance/salaries/software-engineer/locations/taiwan?country=236,2026-03-12 17:21:28
Binance,软件工程师,Taiwan,3.3,--,--,--,--,https://www.levels.fyi/zh-cn/companies/binance/salaries/software-engineer/locations/taiwan?country=236,2026-03-12 17:21:28
Binance,软件工程师,Taiwan,3.4,--,--,--,--,https://www.levels.fyi/zh-cn/companies/binance/salaries/software-engineer/locations/taiwan?country=236,2026-03-12 17:21:28
Binance,软件工程师,Taiwan,4.1,--,--,--,--,https://www.levels.fyi/zh-cn/companies/binance/salaries/software-engineer/locations/taiwan?country=236,2026-03-12 17:21:28
Binance,软件工程师,Taiwan - Greater Taipei Area,1.1(入门级),--,--,--,--,https://www.levels.fyi/zh-cn/companies/binance/salaries/software-engineer/locations/greater-taipei-area?dma=10064,2026-03-12 17:21:33
Binance,软件工程师,Taiwan - Greater Taipei Area,1.2,--,--,--,--,https://www.levels.fyi/zh-cn/companies/binance/salaries/software-engineer/locations/greater-taipei-area?dma=10064,2026-03-12 17:21:33
Binance,软件工程师,Taiwan - Greater Taipei Area,2.1,4811.7,4171.3,0,640.3,https://www.levels.fyi/zh-cn/companies/binance/salaries/software-engineer/locations/greater-taipei-area?dma=10064,2026-03-12 17:21:33
Binance,软件工程师,Taiwan - Greater Taipei Area,2.2,5164.5,4131.1,192.9,840.5,https://www.levels.fyi/zh-cn/companies/binance/salaries/software-engineer/locations/greater-taipei-area?dma=10064,2026-03-12 17:21:33
Binance,软件工程师,Taiwan - Greater Taipei Area,3.1,6705.7,5443.4,0,1262.3,https://www.levels.fyi/zh-cn/companies/binance/salaries/software-engineer/locations/greater-taipei-area?dma=10064,2026-03-12 17:21:33
Binance,软件工程师,Taiwan - Greater Taipei Area,3.2,7508.3,5580.3,0,1927.9,https://www.levels.fyi/zh-cn/companies/binance/salaries/software-engineer/locations/greater-taipei-area?dma=10064,2026-03-12 17:21:33
Binance,软件工程师,Taiwan - Greater Taipei Area,3.3,--,--,--,--,https://www.levels.fyi/zh-cn/companies/binance/salaries/software-engineer/locations/greater-taipei-area?dma=10064,2026-03-12 17:21:33
Binance,软件工程师,Taiwan - Greater Taipei Area,3.4,--,--,--,--,https://www.levels.fyi/zh-cn/companies/binance/salaries/software-engineer/locations/greater-taipei-area?dma=10064,2026-03-12 17:21:33
Binance,软件工程师,Taiwan - Greater Taipei Area,4.1,--,--,--,--,https://www.levels.fyi/zh-cn/companies/binance/salaries/software-engineer/locations/greater-taipei-area?dma=10064,2026-03-12 17:21:33
Binance,软件工程师,France,1.1(入门级),--,--,--,--,https://www.levels.fyi/zh-cn/companies/binance/salaries/software-engineer/locations/france?country=82,2026-03-12 17:21:39
Binance,软件工程师,France,1.2,--,--,--,--,https://www.levels.fyi/zh-cn/companies/binance/salaries/software-engineer/locations/france?country=82,2026-03-12 17:21:39
Binance,软件工程师,France,2.1,--,--,--,--,https://www.levels.fyi/zh-cn/companies/binance/salaries/software-engineer/locations/france?country=82,2026-03-12 17:21:39
Binance,软件工程师,France,2.2,--,--,--,--,https://www.levels.fyi/zh-cn/companies/binance/salaries/software-engineer/locations/france?country=82,2026-03-12 17:21:39
Binance,软件工程师,France,3.1,--,--,--,--,https://www.levels.fyi/zh-cn/companies/binance/salaries/software-engineer/locations/france?country=82,2026-03-12 17:21:39
Binance,软件工程师,France,3.2,--,--,--,--,https://www.levels.fyi/zh-cn/companies/binance/salaries/software-engineer/locations/france?country=82,2026-03-12 17:21:39
Binance,软件工程师,France,3.3,1.5万,1.3万,0,2234.9,https://www.levels.fyi/zh-cn/companies/binance/salaries/software-engineer/locations/france?country=82,2026-03-12 17:21:39
Binance,软件工程师,France,3.4,--,--,--,--,https://www.levels.fyi/zh-cn/companies/binance/salaries/software-engineer/locations/france?country=82,2026-03-12 17:21:39
Binance,软件工程师,France,4.1,--,--,--,--,https://www.levels.fyi/zh-cn/companies/binance/salaries/software-engineer/locations/france?country=82,2026-03-12 17:21:39
Binance,软件工程师,France - Greater Paris Area,1.1(入门级),--,--,--,--,https://www.levels.fyi/zh-cn/companies/binance/salaries/software-engineer/locations/greater-paris-area?dma=10027,2026-03-12 17:21:44
Binance,软件工程师,France - Greater Paris Area,1.2,--,--,--,--,https://www.levels.fyi/zh-cn/companies/binance/salaries/software-engineer/locations/greater-paris-area?dma=10027,2026-03-12 17:21:44
Binance,软件工程师,France - Greater Paris Area,2.1,--,--,--,--,https://www.levels.fyi/zh-cn/companies/binance/salaries/software-engineer/locations/greater-paris-area?dma=10027,2026-03-12 17:21:44
Binance,软件工程师,France - Greater Paris Area,2.2,--,--,--,--,https://www.levels.fyi/zh-cn/companies/binance/salaries/software-engineer/locations/greater-paris-area?dma=10027,2026-03-12 17:21:44
Binance,软件工程师,France - Greater Paris Area,3.1,--,--,--,--,https://www.levels.fyi/zh-cn/companies/binance/salaries/software-engineer/locations/greater-paris-area?dma=10027,2026-03-12 17:21:44
Binance,软件工程师,France - Greater Paris Area,3.2,--,--,--,--,https://www.levels.fyi/zh-cn/companies/binance/salaries/software-engineer/locations/greater-paris-area?dma=10027,2026-03-12 17:21:44
Binance,软件工程师,France - Greater Paris Area,3.3,1.5万,1.3万,0,2234.9,https://www.levels.fyi/zh-cn/companies/binance/salaries/software-engineer/locations/greater-paris-area?dma=10027,2026-03-12 17:21:44
Binance,软件工程师,France - Greater Paris Area,3.4,--,--,--,--,https://www.levels.fyi/zh-cn/companies/binance/salaries/software-engineer/locations/greater-paris-area?dma=10027,2026-03-12 17:21:44
Binance,软件工程师,France - Greater Paris Area,4.1,--,--,--,--,https://www.levels.fyi/zh-cn/companies/binance/salaries/software-engineer/locations/greater-paris-area?dma=10027,2026-03-12 17:21:44
Binance,软件工程师,China,1.1(入门级),1994.3,1994.3,0,0,https://www.levels.fyi/zh-cn/companies/binance/salaries/software-engineer/locations/china?country=49,2026-03-12 17:21:50
Binance,软件工程师,China,1.2,--,--,--,--,https://www.levels.fyi/zh-cn/companies/binance/salaries/software-engineer/locations/china?country=49,2026-03-12 17:21:50
Binance,软件工程师,China,2.1,--,--,--,--,https://www.levels.fyi/zh-cn/companies/binance/salaries/software-engineer/locations/china?country=49,2026-03-12 17:21:50
Binance,软件工程师,China,2.2,--,--,--,--,https://www.levels.fyi/zh-cn/companies/binance/salaries/software-engineer/locations/china?country=49,2026-03-12 17:21:50
Binance,软件工程师,China,3.1,8130.5,8130.5,0,0,https://www.levels.fyi/zh-cn/companies/binance/salaries/software-engineer/locations/china?country=49,2026-03-12 17:21:50
Binance,软件工程师,China,3.2,--,--,--,--,https://www.levels.fyi/zh-cn/companies/binance/salaries/software-engineer/locations/china?country=49,2026-03-12 17:21:50
Binance,软件工程师,China,3.3,--,--,--,--,https://www.levels.fyi/zh-cn/companies/binance/salaries/software-engineer/locations/china?country=49,2026-03-12 17:21:50
Binance,软件工程师,China,3.4,--,--,--,--,https://www.levels.fyi/zh-cn/companies/binance/salaries/software-engineer/locations/china?country=49,2026-03-12 17:21:50
Binance,软件工程师,China,4.1,--,--,--,--,https://www.levels.fyi/zh-cn/companies/binance/salaries/software-engineer/locations/china?country=49,2026-03-12 17:21:50
Binance,数据分析师,Singapore,1.1,--,--,--,--,https://www.levels.fyi/zh-cn/companies/binance/salaries/data-analyst,2026-03-12 17:22:11
Binance,数据分析师,Singapore,1.2,--,--,--,--,https://www.levels.fyi/zh-cn/companies/binance/salaries/data-analyst,2026-03-12 17:22:11
Binance,数据分析师,Singapore,2.1,--,--,--,--,https://www.levels.fyi/zh-cn/companies/binance/salaries/data-analyst,2026-03-12 17:22:11
Binance,数据分析师,Singapore,2.2,--,--,--,--,https://www.levels.fyi/zh-cn/companies/binance/salaries/data-analyst,2026-03-12 17:22:11
Binance,数据分析师,Singapore,3.1,7999.1,7883.7,0,115.4,https://www.levels.fyi/zh-cn/companies/binance/salaries/data-analyst,2026-03-12 17:22:11
Binance,数据分析师,Singapore,3.2,--,--,--,--,https://www.levels.fyi/zh-cn/companies/binance/salaries/data-analyst,2026-03-12 17:22:11
Binance,数据分析师,Singapore,3.3,--,--,--,--,https://www.levels.fyi/zh-cn/companies/binance/salaries/data-analyst,2026-03-12 17:22:11
Binance,数据分析师,Singapore,3.4,--,--,--,--,https://www.levels.fyi/zh-cn/companies/binance/salaries/data-analyst,2026-03-12 17:22:11
Binance,数据分析师,Singapore,4.1,--,--,--,--,https://www.levels.fyi/zh-cn/companies/binance/salaries/data-analyst,2026-03-12 17:22:11
Binance,数据分析师,Singapore,,7659.2-8962.8,,,,https://www.levels.fyi/zh-cn/companies/binance/salaries/data-analyst,2026-03-12 17:22:12
Binance,数据分析师,Taiwan,1.1,--,--,--,--,https://www.levels.fyi/zh-cn/companies/binance/salaries/data-analyst/locations/taiwan?country=236,2026-03-12 17:22:16
Binance,数据分析师,Taiwan,1.2,--,--,--,--,https://www.levels.fyi/zh-cn/companies/binance/salaries/data-analyst/locations/taiwan?country=236,2026-03-12 17:22:16
Binance,数据分析师,Taiwan,2.1,--,--,--,--,https://www.levels.fyi/zh-cn/companies/binance/salaries/data-analyst/locations/taiwan?country=236,2026-03-12 17:22:16
Binance,数据分析师,Taiwan,2.2,7228.3,4852.5,0,2375.8,https://www.levels.fyi/zh-cn/companies/binance/salaries/data-analyst/locations/taiwan?country=236,2026-03-12 17:22:16
Binance,数据分析师,Taiwan,3.1,--,--,--,--,https://www.levels.fyi/zh-cn/companies/binance/salaries/data-analyst/locations/taiwan?country=236,2026-03-12 17:22:16
Binance,数据分析师,Taiwan,3.2,--,--,--,--,https://www.levels.fyi/zh-cn/companies/binance/salaries/data-analyst/locations/taiwan?country=236,2026-03-12 17:22:16
Binance,数据分析师,Taiwan,3.3,--,--,--,--,https://www.levels.fyi/zh-cn/companies/binance/salaries/data-analyst/locations/taiwan?country=236,2026-03-12 17:22:16
Binance,数据分析师,Taiwan,3.4,--,--,--,--,https://www.levels.fyi/zh-cn/companies/binance/salaries/data-analyst/locations/taiwan?country=236,2026-03-12 17:22:16
Binance,数据分析师,Taiwan,4.1,--,--,--,--,https://www.levels.fyi/zh-cn/companies/binance/salaries/data-analyst/locations/taiwan?country=236,2026-03-12 17:22:16
Binance,数据分析师,Taiwan - Greater Taipei Area,1.1,--,--,--,--,https://www.levels.fyi/zh-cn/companies/binance/salaries/data-analyst/locations/greater-taipei-area?dma=10064,2026-03-12 17:22:21
Binance,数据分析师,Taiwan - Greater Taipei Area,1.2,--,--,--,--,https://www.levels.fyi/zh-cn/companies/binance/salaries/data-analyst/locations/greater-taipei-area?dma=10064,2026-03-12 17:22:21
Binance,数据分析师,Taiwan - Greater Taipei Area,2.1,--,--,--,--,https://www.levels.fyi/zh-cn/companies/binance/salaries/data-analyst/locations/greater-taipei-area?dma=10064,2026-03-12 17:22:21
Binance,数据分析师,Taiwan - Greater Taipei Area,2.2,7228.3,4852.5,0,2375.8,https://www.levels.fyi/zh-cn/companies/binance/salaries/data-analyst/locations/greater-taipei-area?dma=10064,2026-03-12 17:22:21
Binance,数据分析师,Taiwan - Greater Taipei Area,3.1,--,--,--,--,https://www.levels.fyi/zh-cn/companies/binance/salaries/data-analyst/locations/greater-taipei-area?dma=10064,2026-03-12 17:22:21
Binance,数据分析师,Taiwan - Greater Taipei Area,3.2,--,--,--,--,https://www.levels.fyi/zh-cn/companies/binance/salaries/data-analyst/locations/greater-taipei-area?dma=10064,2026-03-12 17:22:21
Binance,数据分析师,Taiwan - Greater Taipei Area,3.3,--,--,--,--,https://www.levels.fyi/zh-cn/companies/binance/salaries/data-analyst/locations/greater-taipei-area?dma=10064,2026-03-12 17:22:21
Binance,数据分析师,Taiwan - Greater Taipei Area,3.4,--,--,--,--,https://www.levels.fyi/zh-cn/companies/binance/salaries/data-analyst/locations/greater-taipei-area?dma=10064,2026-03-12 17:22:21
Binance,数据分析师,Taiwan - Greater Taipei Area,4.1,--,--,--,--,https://www.levels.fyi/zh-cn/companies/binance/salaries/data-analyst/locations/greater-taipei-area?dma=10064,2026-03-12 17:22:21
Binance,数据科学家,,,8.8万,,,,https://www.levels.fyi/zh-cn/companies/binance/salaries/data-scientist,2026-03-12 17:22:34
Binance,会计师,,,5778-6857.5,,,,https://www.levels.fyi/zh-cn/companies/binance/salaries/accountant,2026-03-12 17:22:40
Binance,业务运营,,,6594-7657.6,,,,https://www.levels.fyi/zh-cn/companies/binance/salaries/biz-ops,2026-03-12 17:22:45
Binance,业务运营经理,,,1.4万-1.7万,,,,https://www.levels.fyi/zh-cn/companies/binance/salaries/bizops-manager,2026-03-12 17:22:51
Binance,业务分析师,,,6011.3-7122,,,,https://www.levels.fyi/zh-cn/companies/binance/salaries/business-analyst,2026-03-12 17:22:55
Binance,业务拓展,,,1万-1.2万,,,,https://www.levels.fyi/zh-cn/companies/binance/salaries/business-development,2026-03-12 17:23:01
Binance,Compliance Officer,,,2902.3-3308,,,,https://www.levels.fyi/zh-cn/companies/binance/salaries/compliance-officer,2026-03-12 17:23:06
Binance,文案撰稿人,,,1.5万-1.8万,,,,https://www.levels.fyi/zh-cn/companies/binance/salaries/copywriter,2026-03-12 17:23:11
Binance,客户服务,,,1132.3-1371.3,,,,https://www.levels.fyi/zh-cn/companies/binance/salaries/customer-service,2026-03-12 17:23:18
Binance,法务,,,9069.1-1.1万,,,,https://www.levels.fyi/zh-cn/companies/binance/salaries/legal,2026-03-12 17:23:24
Binance,市场营销,,,3239.2-3761.7,,,,https://www.levels.fyi/zh-cn/companies/binance/salaries/marketing,2026-03-12 17:23:28
Binance,市场运营,,,8182-9636.6,,,,https://www.levels.fyi/zh-cn/companies/binance/salaries/marketing-operations,2026-03-12 17:23:33
Binance,产品设计师,,,3069-3564,,,,https://www.levels.fyi/zh-cn/companies/binance/salaries/product-designer,2026-03-12 17:23:38
Binance,产品设计经理,,,1.9万-2.2万,,,,https://www.levels.fyi/zh-cn/companies/binance/salaries/product-design-manager,2026-03-12 17:23:42
Binance,产品经理,,,7833.3-9166.7,,,,https://www.levels.fyi/zh-cn/companies/binance/salaries/product-manager,2026-03-12 17:23:48
Binance,项目经理,,,5671.9-6456.3,,,,https://www.levels.fyi/zh-cn/companies/binance/salaries/project-manager,2026-03-12 17:23:52
Binance,招聘专员,,,2.1万-2.5万,,,,https://www.levels.fyi/zh-cn/companies/binance/salaries/recruiter,2026-03-12 17:23:56
Binance,销售,,,1013.1-1227,,,,https://www.levels.fyi/zh-cn/companies/binance/salaries/sales,2026-03-12 17:24:01
Binance,网络安全分析师,,,7146.7-8363.1,,,,https://www.levels.fyi/zh-cn/companies/binance/salaries/security-analyst,2026-03-12 17:24:06
Binance,软件工程经理,,,2.4万-2.8万,,,,https://www.levels.fyi/zh-cn/companies/binance/salaries/software-engineering-manager,2026-03-12 17:24:11
Coinbase,软件工程师,United States,IC3Software Engineer(入门级),1.7万,1.2万,4293.5,507,https://www.levels.fyi/zh-cn/companies/coinbase/salaries/software-engineer?country=254,2026-03-12 17:24:31
Coinbase,软件工程师,United States,IC4,2.3万,1.5万,7268.5,912.3,https://www.levels.fyi/zh-cn/companies/coinbase/salaries/software-engineer?country=254,2026-03-12 17:24:31
Coinbase,软件工程师,United States,IC5Senior Software Engineer,3.4万,1.8万,1.5万,1200.8,https://www.levels.fyi/zh-cn/companies/coinbase/salaries/software-engineer?country=254,2026-03-12 17:24:31
Coinbase,软件工程师,United States,IC6Staff Software Engineer,4.5万,2万,2.2万,3009.3,https://www.levels.fyi/zh-cn/companies/coinbase/salaries/software-engineer?country=254,2026-03-12 17:24:31
Coinbase,软件工程师,United States,IC7Senior Staff Software Engineer,6.2万,2.3万,3.7万,2687,https://www.levels.fyi/zh-cn/companies/coinbase/salaries/software-engineer?country=254,2026-03-12 17:24:31
Coinbase,软件工程师,United States,IC8Principal Software Engineer,9.88万,2.8万,6.9万,1888.9,https://www.levels.fyi/zh-cn/companies/coinbase/salaries/software-engineer?country=254,2026-03-12 17:24:31
Coinbase,软件工程师,United States,IC9Distinguished Engineer,--,--,--,--,https://www.levels.fyi/zh-cn/companies/coinbase/salaries/software-engineer?country=254,2026-03-12 17:24:31
Coinbase,软件工程师,United States - San Francisco Bay Area,IC3Software Engineer(入门级),1.7万,1.2万,4242.4,589,https://www.levels.fyi/zh-cn/companies/coinbase/salaries/software-engineer/locations/san-francisco-bay-area?dma=807,2026-03-12 17:24:36
Coinbase,软件工程师,United States - San Francisco Bay Area,IC4,2.2万,1.5万,6325,768.8,https://www.levels.fyi/zh-cn/companies/coinbase/salaries/software-engineer/locations/san-francisco-bay-area?dma=807,2026-03-12 17:24:36
Coinbase,软件工程师,United States - San Francisco Bay Area,IC5Senior Software Engineer,3.5万,1.9万,1.5万,1378.2,https://www.levels.fyi/zh-cn/companies/coinbase/salaries/software-engineer/locations/san-francisco-bay-area?dma=807,2026-03-12 17:24:36
Coinbase,软件工程师,United States - San Francisco Bay Area,IC6Staff Software Engineer,4.5万,2万,2.2万,2306.3,https://www.levels.fyi/zh-cn/companies/coinbase/salaries/software-engineer/locations/san-francisco-bay-area?dma=807,2026-03-12 17:24:36
Coinbase,软件工程师,United States - San Francisco Bay Area,IC7Senior Staff Software Engineer,5.7万,2.3万,3.2万,2659.7,https://www.levels.fyi/zh-cn/companies/coinbase/salaries/software-engineer/locations/san-francisco-bay-area?dma=807,2026-03-12 17:24:36
Coinbase,软件工程师,United States - San Francisco Bay Area,IC8Principal Software Engineer,10.21万,2.7万,7.5万,0,https://www.levels.fyi/zh-cn/companies/coinbase/salaries/software-engineer/locations/san-francisco-bay-area?dma=807,2026-03-12 17:24:36
Coinbase,软件工程师,United States - San Francisco Bay Area,IC9Distinguished Engineer,--,--,--,--,https://www.levels.fyi/zh-cn/companies/coinbase/salaries/software-engineer/locations/san-francisco-bay-area?dma=807,2026-03-12 17:24:36
Coinbase,软件工程师,United States - New York City Area,IC3Software Engineer(入门级),1.7万,1.2万,4120.3,574.9,https://www.levels.fyi/zh-cn/companies/coinbase/salaries/software-engineer/locations/new-york-city-area?dma=501,2026-03-12 17:24:41
Coinbase,软件工程师,United States - New York City Area,IC4,2.2万,1.5万,5984.8,926.3,https://www.levels.fyi/zh-cn/companies/coinbase/salaries/software-engineer/locations/new-york-city-area?dma=501,2026-03-12 17:24:41
Coinbase,软件工程师,United States - New York City Area,IC5Senior Software Engineer,3.3万,1.7万,1.5万,691.7,https://www.levels.fyi/zh-cn/companies/coinbase/salaries/software-engineer/locations/new-york-city-area?dma=501,2026-03-12 17:24:41
Coinbase,软件工程师,United States - New York City Area,IC6Staff Software Engineer,4.6万,2万,2.4万,2219.9,https://www.levels.fyi/zh-cn/companies/coinbase/salaries/software-engineer/locations/new-york-city-area?dma=501,2026-03-12 17:24:41
Coinbase,软件工程师,United States - New York City Area,IC7Senior Staff Software Engineer,6.6万,2.3万,4.2万,1695,https://www.levels.fyi/zh-cn/companies/coinbase/salaries/software-engineer/locations/new-york-city-area?dma=501,2026-03-12 17:24:41
Coinbase,软件工程师,United States - New York City Area,IC8Principal Software Engineer,--,--,--,--,https://www.levels.fyi/zh-cn/companies/coinbase/salaries/software-engineer/locations/new-york-city-area?dma=501,2026-03-12 17:24:41
Coinbase,软件工程师,United States - New York City Area,IC9Distinguished Engineer,--,--,--,--,https://www.levels.fyi/zh-cn/companies/coinbase/salaries/software-engineer/locations/new-york-city-area?dma=501,2026-03-12 17:24:41
Coinbase,软件工程师,United States - Greater Seattle Area,IC3Software Engineer(入门级),1.7万,1.2万,4166.7,834.2,https://www.levels.fyi/zh-cn/companies/coinbase/salaries/software-engineer/locations/greater-seattle-area?dma=819,2026-03-12 17:24:46
Coinbase,软件工程师,United States - Greater Seattle Area,IC4,2.3万,1.5万,7060.2,623.3,https://www.levels.fyi/zh-cn/companies/coinbase/salaries/software-engineer/locations/greater-seattle-area?dma=819,2026-03-12 17:24:46
Coinbase,软件工程师,United States - Greater Seattle Area,IC5Senior Software Engineer,3.3万,1.7万,1.5万,1068.8,https://www.levels.fyi/zh-cn/companies/coinbase/salaries/software-engineer/locations/greater-seattle-area?dma=819,2026-03-12 17:24:46
Coinbase,软件工程师,United States - Greater Seattle Area,IC6Staff Software Engineer,4.5万,2万,2.2万,3009.3,https://www.levels.fyi/zh-cn/companies/coinbase/salaries/software-engineer/locations/greater-seattle-area?dma=819,2026-03-12 17:24:46
Coinbase,软件工程师,United States - Greater Seattle Area,IC7Senior Staff Software Engineer,6.1万,2.4万,3.3万,3570.8,https://www.levels.fyi/zh-cn/companies/coinbase/salaries/software-engineer/locations/greater-seattle-area?dma=819,2026-03-12 17:24:46
Coinbase,软件工程师,United States - Greater Seattle Area,IC8Principal Software Engineer,--,--,--,--,https://www.levels.fyi/zh-cn/companies/coinbase/salaries/software-engineer/locations/greater-seattle-area?dma=819,2026-03-12 17:24:46
Coinbase,软件工程师,United States - Greater Seattle Area,IC9Distinguished Engineer,--,--,--,--,https://www.levels.fyi/zh-cn/companies/coinbase/salaries/software-engineer/locations/greater-seattle-area?dma=819,2026-03-12 17:24:46
Coinbase,软件工程师,United States - Greater Dallas Area,IC3Software Engineer(入门级),1.4万,9940.7,4166.7,247,https://www.levels.fyi/zh-cn/companies/coinbase/salaries/software-engineer/locations/greater-dallas-area?dma=623,2026-03-12 17:24:51
Coinbase,软件工程师,United States - Greater Dallas Area,IC4,2万,1.3万,6180.6,949.7,https://www.levels.fyi/zh-cn/companies/coinbase/salaries/software-engineer/locations/greater-dallas-area?dma=623,2026-03-12 17:24:51
Coinbase,软件工程师,United States - Greater Dallas Area,IC5Senior Software Engineer,2.7万,1.5万,1万,1979.2,https://www.levels.fyi/zh-cn/companies/coinbase/salaries/software-engineer/locations/greater-dallas-area?dma=623,2026-03-12 17:24:51
Coinbase,软件工程师,United States - Greater Dallas Area,IC6Staff Software Engineer,--,--,--,--,https://www.levels.fyi/zh-cn/companies/coinbase/salaries/software-engineer/locations/greater-dallas-area?dma=623,2026-03-12 17:24:51
Coinbase,软件工程师,United States - Greater Dallas Area,IC7Senior Staff Software Engineer,--,--,--,--,https://www.levels.fyi/zh-cn/companies/coinbase/salaries/software-engineer/locations/greater-dallas-area?dma=623,2026-03-12 17:24:51
Coinbase,软件工程师,United States - Greater Dallas Area,IC8Principal Software Engineer,--,--,--,--,https://www.levels.fyi/zh-cn/companies/coinbase/salaries/software-engineer/locations/greater-dallas-area?dma=623,2026-03-12 17:24:51
Coinbase,软件工程师,United States - Greater Dallas Area,IC9Distinguished Engineer,--,--,--,--,https://www.levels.fyi/zh-cn/companies/coinbase/salaries/software-engineer/locations/greater-dallas-area?dma=623,2026-03-12 17:24:51
Coinbase,软件工程师,India,IC3Software Engineer(入门级),4119.8,2747.7,1252,120.2,https://www.levels.fyi/zh-cn/companies/coinbase/salaries/software-engineer/locations/india?country=113,2026-03-12 17:24:56
Coinbase,软件工程师,India,IC4,6578.6,4332.3,2151.4,94.8,https://www.levels.fyi/zh-cn/companies/coinbase/salaries/software-engineer/locations/india?country=113,2026-03-12 17:24:56
Coinbase,软件工程师,India,IC5Senior Software Engineer,1.1万,6333.5,3782.2,474,https://www.levels.fyi/zh-cn/companies/coinbase/salaries/software-engineer/locations/india?country=113,2026-03-12 17:24:56
Coinbase,软件工程师,India,IC6Staff Software Engineer,1.8万,9138.8,8090.7,1153,https://www.levels.fyi/zh-cn/companies/coinbase/salaries/software-engineer/locations/india?country=113,2026-03-12 17:24:56
Coinbase,软件工程师,India,IC7Senior Staff Software Engineer,--,--,--,--,https://www.levels.fyi/zh-cn/companies/coinbase/salaries/software-engineer/locations/india?country=113,2026-03-12 17:24:56
Coinbase,软件工程师,India,IC8Principal Software Engineer,--,--,--,--,https://www.levels.fyi/zh-cn/companies/coinbase/salaries/software-engineer/locations/india?country=113,2026-03-12 17:24:56
Coinbase,软件工程师,India,IC9Distinguished Engineer,--,--,--,--,https://www.levels.fyi/zh-cn/companies/coinbase/salaries/software-engineer/locations/india?country=113,2026-03-12 17:24:56
Coinbase,软件工程师,India - Greater Bengaluru,IC3Software Engineer(入门级),4167.7,2770.5,1277.3,119.9,https://www.levels.fyi/zh-cn/companies/coinbase/salaries/software-engineer/locations/greater-bengaluru?dma=10062,2026-03-12 17:25:01
Coinbase,软件工程师,India - Greater Bengaluru,IC4,7026,4659.1,2171.5,195.4,https://www.levels.fyi/zh-cn/companies/coinbase/salaries/software-engineer/locations/greater-bengaluru?dma=10062,2026-03-12 17:25:01
Coinbase,软件工程师,India - Greater Bengaluru,IC5Senior Software Engineer,1.1万,6353.9,3847.8,528.3,https://www.levels.fyi/zh-cn/companies/coinbase/salaries/software-engineer/locations/greater-bengaluru?dma=10062,2026-03-12 17:25:01
Coinbase,软件工程师,India - Greater Bengaluru,IC6Staff Software Engineer,1.8万,9138.8,8090.7,1153,https://www.levels.fyi/zh-cn/companies/coinbase/salaries/software-engineer/locations/greater-bengaluru?dma=10062,2026-03-12 17:25:01
Coinbase,软件工程师,India - Greater Bengaluru,IC7Senior Staff Software Engineer,--,--,--,--,https://www.levels.fyi/zh-cn/companies/coinbase/salaries/software-engineer/locations/greater-bengaluru?dma=10062,2026-03-12 17:25:01
Coinbase,软件工程师,India - Greater Bengaluru,IC8Principal Software Engineer,--,--,--,--,https://www.levels.fyi/zh-cn/companies/coinbase/salaries/software-engineer/locations/greater-bengaluru?dma=10062,2026-03-12 17:25:01
Coinbase,软件工程师,India - Greater Bengaluru,IC9Distinguished Engineer,--,--,--,--,https://www.levels.fyi/zh-cn/companies/coinbase/salaries/software-engineer/locations/greater-bengaluru?dma=10062,2026-03-12 17:25:01
Coinbase,软件工程师,India - Greater Hyderabad Area,IC3Software Engineer(入门级),--,--,--,--,https://www.levels.fyi/zh-cn/companies/coinbase/salaries/software-engineer/locations/greater-hyderabad-area?dma=10065,2026-03-12 17:25:06
Coinbase,软件工程师,India - Greater Hyderabad Area,IC4,7058.3,4560.1,2322.3,175.9,https://www.levels.fyi/zh-cn/companies/coinbase/salaries/software-engineer/locations/greater-hyderabad-area?dma=10065,2026-03-12 17:25:06
Coinbase,软件工程师,India - Greater Hyderabad Area,IC5Senior Software Engineer,1.1万,6438.4,3622.5,643.8,https://www.levels.fyi/zh-cn/companies/coinbase/salaries/software-engineer/locations/greater-hyderabad-area?dma=10065,2026-03-12 17:25:06
Coinbase,软件工程师,India - Greater Hyderabad Area,IC6Staff Software Engineer,--,--,--,--,https://www.levels.fyi/zh-cn/companies/coinbase/salaries/software-engineer/locations/greater-hyderabad-area?dma=10065,2026-03-12 17:25:06
Coinbase,软件工程师,India - Greater Hyderabad Area,IC7Senior Staff Software Engineer,--,--,--,--,https://www.levels.fyi/zh-cn/companies/coinbase/salaries/software-engineer/locations/greater-hyderabad-area?dma=10065,2026-03-12 17:25:06
Coinbase,软件工程师,India - Greater Hyderabad Area,IC8Principal Software Engineer,--,--,--,--,https://www.levels.fyi/zh-cn/companies/coinbase/salaries/software-engineer/locations/greater-hyderabad-area?dma=10065,2026-03-12 17:25:06
Coinbase,软件工程师,India - Greater Hyderabad Area,IC9Distinguished Engineer,--,--,--,--,https://www.levels.fyi/zh-cn/companies/coinbase/salaries/software-engineer/locations/greater-hyderabad-area?dma=10065,2026-03-12 17:25:06
Coinbase,软件工程师,Canada,IC3Software Engineer(入门级),1.1万,7992.1,3059.8,269.7,https://www.levels.fyi/zh-cn/companies/coinbase/salaries/software-engineer/locations/canada?country=43,2026-03-12 17:25:11
Coinbase,软件工程师,Canada,IC4,1.5万,9486.9,4577.8,539,https://www.levels.fyi/zh-cn/companies/coinbase/salaries/software-engineer/locations/canada?country=43,2026-03-12 17:25:11
Coinbase,软件工程师,Canada,IC5Senior Software Engineer,2.4万,1.1万,1.1万,1037.9,https://www.levels.fyi/zh-cn/companies/coinbase/salaries/software-engineer/locations/canada?country=43,2026-03-12 17:25:11
Coinbase,软件工程师,Canada,IC6Staff Software Engineer,3.2万,1.3万,1.7万,1946.8,https://www.levels.fyi/zh-cn/companies/coinbase/salaries/software-engineer/locations/canada?country=43,2026-03-12 17:25:11
Coinbase,软件工程师,Canada,IC7Senior Staff Software Engineer,--,--,--,--,https://www.levels.fyi/zh-cn/companies/coinbase/salaries/software-engineer/locations/canada?country=43,2026-03-12 17:25:11
Coinbase,软件工程师,Canada,IC8Principal Software Engineer,--,--,--,--,https://www.levels.fyi/zh-cn/companies/coinbase/salaries/software-engineer/locations/canada?country=43,2026-03-12 17:25:11
Coinbase,软件工程师,Canada,IC9Distinguished Engineer,--,--,--,--,https://www.levels.fyi/zh-cn/companies/coinbase/salaries/software-engineer/locations/canada?country=43,2026-03-12 17:25:11
Coinbase,软件工程师,Canada - Greater Toronto Area,IC3Software Engineer(入门级),1.1万,8022.3,3027.5,344.8,https://www.levels.fyi/zh-cn/companies/coinbase/salaries/software-engineer/locations/greater-toronto-area?dma=950,2026-03-12 17:25:17
Coinbase,软件工程师,Canada - Greater Toronto Area,IC4,1.5万,9507,4600.3,662.1,https://www.levels.fyi/zh-cn/companies/coinbase/salaries/software-engineer/locations/greater-toronto-area?dma=950,2026-03-12 17:25:17
Coinbase,软件工程师,Canada - Greater Toronto Area,IC5Senior Software Engineer,2.4万,1.2万,1.1万,1012.2,https://www.levels.fyi/zh-cn/companies/coinbase/salaries/software-engineer/locations/greater-toronto-area?dma=950,2026-03-12 17:25:17
Coinbase,软件工程师,Canada - Greater Toronto Area,IC6Staff Software Engineer,--,--,--,--,https://www.levels.fyi/zh-cn/companies/coinbase/salaries/software-engineer/locations/greater-toronto-area?dma=950,2026-03-12 17:25:17
Coinbase,软件工程师,Canada - Greater Toronto Area,IC7Senior Staff Software Engineer,--,--,--,--,https://www.levels.fyi/zh-cn/companies/coinbase/salaries/software-engineer/locations/greater-toronto-area?dma=950,2026-03-12 17:25:17
Coinbase,软件工程师,Canada - Greater Toronto Area,IC8Principal Software Engineer,--,--,--,--,https://www.levels.fyi/zh-cn/companies/coinbase/salaries/software-engineer/locations/greater-toronto-area?dma=950,2026-03-12 17:25:17
Coinbase,软件工程师,Canada - Greater Toronto Area,IC9Distinguished Engineer,--,--,--,--,https://www.levels.fyi/zh-cn/companies/coinbase/salaries/software-engineer/locations/greater-toronto-area?dma=950,2026-03-12 17:25:17
Coinbase,软件工程师,Canada - Greater Montreal,IC3Software Engineer(入门级),--,--,--,--,https://www.levels.fyi/zh-cn/companies/coinbase/salaries/software-engineer/locations/greater-montreal?dma=921,2026-03-12 17:25:22
Coinbase,软件工程师,Canada - Greater Montreal,IC4,1.4万,9378.5,4599,353.3,https://www.levels.fyi/zh-cn/companies/coinbase/salaries/software-engineer/locations/greater-montreal?dma=921,2026-03-12 17:25:22
Coinbase,软件工程师,Canada - Greater Montreal,IC5Senior Software Engineer,2.4万,1.1万,1.1万,1169.8,https://www.levels.fyi/zh-cn/companies/coinbase/salaries/software-engineer/locations/greater-montreal?dma=921,2026-03-12 17:25:22
Coinbase,软件工程师,Canada - Greater Montreal,IC6Staff Software Engineer,--,--,--,--,https://www.levels.fyi/zh-cn/companies/coinbase/salaries/software-engineer/locations/greater-montreal?dma=921,2026-03-12 17:25:22
Coinbase,软件工程师,Canada - Greater Montreal,IC7Senior Staff Software Engineer,--,--,--,--,https://www.levels.fyi/zh-cn/companies/coinbase/salaries/software-engineer/locations/greater-montreal?dma=921,2026-03-12 17:25:22
Coinbase,软件工程师,Canada - Greater Montreal,IC8Principal Software Engineer,--,--,--,--,https://www.levels.fyi/zh-cn/companies/coinbase/salaries/software-engineer/locations/greater-montreal?dma=921,2026-03-12 17:25:22
Coinbase,软件工程师,Canada - Greater Montreal,IC9Distinguished Engineer,--,--,--,--,https://www.levels.fyi/zh-cn/companies/coinbase/salaries/software-engineer/locations/greater-montreal?dma=921,2026-03-12 17:25:22
Coinbase,软件工程师,Canada - Greater Vancouver,IC3Software Engineer(入门级),1.1万,8329.7,2972.1,69.4,https://www.levels.fyi/zh-cn/companies/coinbase/salaries/software-engineer/locations/greater-vancouver?dma=984,2026-03-12 17:25:27
Coinbase,软件工程师,Canada - Greater Vancouver,IC4,1.4万,9490.6,4019.3,300,https://www.levels.fyi/zh-cn/companies/coinbase/salaries/software-engineer/locations/greater-vancouver?dma=984,2026-03-12 17:25:27
Coinbase,软件工程师,Canada - Greater Vancouver,IC5Senior Software Engineer,2.3万,1.2万,1.1万,841.3,https://www.levels.fyi/zh-cn/companies/coinbase/salaries/software-engineer/locations/greater-vancouver?dma=984,2026-03-12 17:25:27
Coinbase,软件工程师,Canada - Greater Vancouver,IC6Staff Software Engineer,--,--,--,--,https://www.levels.fyi/zh-cn/companies/coinbase/salaries/software-engineer/locations/greater-vancouver?dma=984,2026-03-12 17:25:27
Coinbase,软件工程师,Canada - Greater Vancouver,IC7Senior Staff Software Engineer,--,--,--,--,https://www.levels.fyi/zh-cn/companies/coinbase/salaries/software-engineer/locations/greater-vancouver?dma=984,2026-03-12 17:25:27
Coinbase,软件工程师,Canada - Greater Vancouver,IC8Principal Software Engineer,--,--,--,--,https://www.levels.fyi/zh-cn/companies/coinbase/salaries/software-engineer/locations/greater-vancouver?dma=984,2026-03-12 17:25:27
Coinbase,软件工程师,Canada - Greater Vancouver,IC9Distinguished Engineer,--,--,--,--,https://www.levels.fyi/zh-cn/companies/coinbase/salaries/software-engineer/locations/greater-vancouver?dma=984,2026-03-12 17:25:27
Coinbase,软件工程师,Brazil,IC3Software Engineer(入门级),6312.7,4082.9,1979.1,250.7,https://www.levels.fyi/zh-cn/companies/coinbase/salaries/software-engineer/locations/brazil?country=33,2026-03-12 17:25:32
Coinbase,软件工程师,Brazil,IC4,8471.1,5221.3,3014.2,235.7,https://www.levels.fyi/zh-cn/companies/coinbase/salaries/software-engineer/locations/brazil?country=33,2026-03-12 17:25:32
Coinbase,软件工程师,Brazil,IC5Senior Software Engineer,1.1万,7317.3,3863.2,281.4,https://www.levels.fyi/zh-cn/companies/coinbase/salaries/software-engineer/locations/brazil?country=33,2026-03-12 17:25:32
Coinbase,软件工程师,Brazil,IC6Staff Software Engineer,2.5万,1万,1.4万,541.7,https://www.levels.fyi/zh-cn/companies/coinbase/salaries/software-engineer/locations/brazil?country=33,2026-03-12 17:25:32
Coinbase,软件工程师,Brazil,IC7Senior Staff Software Engineer,--,--,--,--,https://www.levels.fyi/zh-cn/companies/coinbase/salaries/software-engineer/locations/brazil?country=33,2026-03-12 17:25:32
Coinbase,软件工程师,Brazil,IC8Principal Software Engineer,--,--,--,--,https://www.levels.fyi/zh-cn/companies/coinbase/salaries/software-engineer/locations/brazil?country=33,2026-03-12 17:25:32
Coinbase,软件工程师,Brazil,IC9Distinguished Engineer,--,--,--,--,https://www.levels.fyi/zh-cn/companies/coinbase/salaries/software-engineer/locations/brazil?country=33,2026-03-12 17:25:32
Coinbase,软件工程师,Brazil - Greater Sao Paulo,IC3Software Engineer(入门级),6182.5,4005.2,1944.3,233,https://www.levels.fyi/zh-cn/companies/coinbase/salaries/software-engineer/locations/greater-sao-paulo?dma=10024,2026-03-12 17:25:38
Coinbase,软件工程师,Brazil - Greater Sao Paulo,IC4,8473.2,5138.8,3069.8,264.6,https://www.levels.fyi/zh-cn/companies/coinbase/salaries/software-engineer/locations/greater-sao-paulo?dma=10024,2026-03-12 17:25:38
Coinbase,软件工程师,Brazil - Greater Sao Paulo,IC5Senior Software Engineer,1.2万,7263.2,4677.1,351.8,https://www.levels.fyi/zh-cn/companies/coinbase/salaries/software-engineer/locations/greater-sao-paulo?dma=10024,2026-03-12 17:25:38
Coinbase,软件工程师,Brazil - Greater Sao Paulo,IC6Staff Software Engineer,2.5万,1万,1.4万,541.7,https://www.levels.fyi/zh-cn/companies/coinbase/salaries/software-engineer/locations/greater-sao-paulo?dma=10024,2026-03-12 17:25:38
Coinbase,软件工程师,Brazil - Greater Sao Paulo,IC7Senior Staff Software Engineer,--,--,--,--,https://www.levels.fyi/zh-cn/companies/coinbase/salaries/software-engineer/locations/greater-sao-paulo?dma=10024,2026-03-12 17:25:38
Coinbase,软件工程师,Brazil - Greater Sao Paulo,IC8Principal Software Engineer,--,--,--,--,https://www.levels.fyi/zh-cn/companies/coinbase/salaries/software-engineer/locations/greater-sao-paulo?dma=10024,2026-03-12 17:25:38
Coinbase,软件工程师,Brazil - Greater Sao Paulo,IC9Distinguished Engineer,--,--,--,--,https://www.levels.fyi/zh-cn/companies/coinbase/salaries/software-engineer/locations/greater-sao-paulo?dma=10024,2026-03-12 17:25:38
Coinbase,软件工程师,United Kingdom,IC3Software Engineer(入门级),1万,7944.8,2083.3,397.3,https://www.levels.fyi/zh-cn/companies/coinbase/salaries/software-engineer/locations/united-kingdom?country=253,2026-03-12 17:25:44
Coinbase,软件工程师,United Kingdom,IC4,1.7万,1.2万,4680.5,667.4,https://www.levels.fyi/zh-cn/companies/coinbase/salaries/software-engineer/locations/united-kingdom?country=253,2026-03-12 17:25:44
Coinbase,软件工程师,United Kingdom,IC5Senior Software Engineer,2.3万,1.4万,8416.2,812.8,https://www.levels.fyi/zh-cn/companies/coinbase/salaries/software-engineer/locations/united-kingdom?country=253,2026-03-12 17:25:44
Coinbase,软件工程师,United Kingdom,IC6Staff Software Engineer,--,--,--,--,https://www.levels.fyi/zh-cn/companies/coinbase/salaries/software-engineer/locations/united-kingdom?country=253,2026-03-12 17:25:44
Coinbase,软件工程师,United Kingdom,IC7Senior Staff Software Engineer,--,--,--,--,https://www.levels.fyi/zh-cn/companies/coinbase/salaries/software-engineer/locations/united-kingdom?country=253,2026-03-12 17:25:44
Coinbase,软件工程师,United Kingdom,IC8Principal Software Engineer,--,--,--,--,https://www.levels.fyi/zh-cn/companies/coinbase/salaries/software-engineer/locations/united-kingdom?country=253,2026-03-12 17:25:44
Coinbase,软件工程师,United Kingdom,IC9Distinguished Engineer,--,--,--,--,https://www.levels.fyi/zh-cn/companies/coinbase/salaries/software-engineer/locations/united-kingdom?country=253,2026-03-12 17:25:44
Coinbase,软件工程师,United Kingdom - Greater London Area,IC3Software Engineer(入门级),1万,7944.8,2083.3,397.3,https://www.levels.fyi/zh-cn/companies/coinbase/salaries/software-engineer/locations/london-metro-area?dma=10045,2026-03-12 17:25:49
Coinbase,软件工程师,United Kingdom - Greater London Area,IC4,1.7万,1.2万,4680.5,667.4,https://www.levels.fyi/zh-cn/companies/coinbase/salaries/software-engineer/locations/london-metro-area?dma=10045,2026-03-12 17:25:49
Coinbase,软件工程师,United Kingdom - Greater London Area,IC5Senior Software Engineer,2.3万,1.4万,8416.2,812.8,https://www.levels.fyi/zh-cn/companies/coinbase/salaries/software-engineer/locations/london-metro-area?dma=10045,2026-03-12 17:25:49
Coinbase,软件工程师,United Kingdom - Greater London Area,IC6Staff Software Engineer,--,--,--,--,https://www.levels.fyi/zh-cn/companies/coinbase/salaries/software-engineer/locations/london-metro-area?dma=10045,2026-03-12 17:25:49
Coinbase,软件工程师,United Kingdom - Greater London Area,IC7Senior Staff Software Engineer,--,--,--,--,https://www.levels.fyi/zh-cn/companies/coinbase/salaries/software-engineer/locations/london-metro-area?dma=10045,2026-03-12 17:25:49
Coinbase,软件工程师,United Kingdom - Greater London Area,IC8Principal Software Engineer,--,--,--,--,https://www.levels.fyi/zh-cn/companies/coinbase/salaries/software-engineer/locations/london-metro-area?dma=10045,2026-03-12 17:25:49
Coinbase,软件工程师,United Kingdom - Greater London Area,IC9Distinguished Engineer,--,--,--,--,https://www.levels.fyi/zh-cn/companies/coinbase/salaries/software-engineer/locations/london-metro-area?dma=10045,2026-03-12 17:25:49
Coinbase,产品经理,United States,IC3Associate Product Manager,1.6万,1.2万,3572.9,687.5,https://www.levels.fyi/zh-cn/companies/coinbase/salaries/product-manager?country=254,2026-03-12 17:26:04
Coinbase,产品经理,United States,IC4Product Manager I,2万,1.3万,5643.9,833.9,https://www.levels.fyi/zh-cn/companies/coinbase/salaries/product-manager?country=254,2026-03-12 17:26:05
Coinbase,产品经理,United States,IC5Product Manager II,2.9万,1.6万,1.1万,1306,https://www.levels.fyi/zh-cn/companies/coinbase/salaries/product-manager?country=254,2026-03-12 17:26:05
Coinbase,产品经理,United States,IC6Senior Product Manager,4.2万,1.9万,2万,2983.6,https://www.levels.fyi/zh-cn/companies/coinbase/salaries/product-manager?country=254,2026-03-12 17:26:05
Coinbase,产品经理,United States,IC7Group Product Manager,6万,2.2万,3.6万,1982.7,https://www.levels.fyi/zh-cn/companies/coinbase/salaries/product-manager?country=254,2026-03-12 17:26:05
Coinbase,产品经理,United States,IC8Director,8.65万,2.5万,5.8万,3611.1,https://www.levels.fyi/zh-cn/companies/coinbase/salaries/product-manager?country=254,2026-03-12 17:26:05
Coinbase,产品经理,United States,IC9Senior Director,--,--,--,--,https://www.levels.fyi/zh-cn/companies/coinbase/salaries/product-manager?country=254,2026-03-12 17:26:05
Coinbase,产品经理,United States - New York City Area,IC3Associate Product Manager,1.6万,1.2万,3666.7,316.7,https://www.levels.fyi/zh-cn/companies/coinbase/salaries/product-manager/locations/new-york-city-area?dma=501,2026-03-12 17:26:10
Coinbase,产品经理,United States - New York City Area,IC4Product Manager I,1.9万,1.4万,4687.5,833.3,https://www.levels.fyi/zh-cn/companies/coinbase/salaries/product-manager/locations/new-york-city-area?dma=501,2026-03-12 17:26:10
Coinbase,产品经理,United States - New York City Area,IC5Product Manager II,3.7万,1.7万,1.9万,865,https://www.levels.fyi/zh-cn/companies/coinbase/salaries/product-manager/locations/new-york-city-area?dma=501,2026-03-12 17:26:10
Coinbase,产品经理,United States - New York City Area,IC6Senior Product Manager,4.8万,1.9万,2.3万,5771.5,https://www.levels.fyi/zh-cn/companies/coinbase/salaries/product-manager/locations/new-york-city-area?dma=501,2026-03-12 17:26:10
Coinbase,产品经理,United States - New York City Area,IC7Group Product Manager,6.9万,2.3万,4.6万,1041.7,https://www.levels.fyi/zh-cn/companies/coinbase/salaries/product-manager/locations/new-york-city-area?dma=501,2026-03-12 17:26:10
Coinbase,产品经理,United States - New York City Area,IC8Director,--,--,--,--,https://www.levels.fyi/zh-cn/companies/coinbase/salaries/product-manager/locations/new-york-city-area?dma=501,2026-03-12 17:26:10
Coinbase,产品经理,United States - New York City Area,IC9Senior Director,--,--,--,--,https://www.levels.fyi/zh-cn/companies/coinbase/salaries/product-manager/locations/new-york-city-area?dma=501,2026-03-12 17:26:10
Coinbase,产品经理,"United States - Charlotte, NC Greater Area",IC3Associate Product Manager,--,--,--,--,https://www.levels.fyi/zh-cn/companies/coinbase/salaries/product-manager/locations/charlotte-nc-greater-area?dma=517,2026-03-12 17:26:15
Coinbase,产品经理,"United States - Charlotte, NC Greater Area",IC4Product Manager I,--,--,--,--,https://www.levels.fyi/zh-cn/companies/coinbase/salaries/product-manager/locations/charlotte-nc-greater-area?dma=517,2026-03-12 17:26:15
Coinbase,产品经理,"United States - Charlotte, NC Greater Area",IC5Product Manager II,2.4万,1.3万,9375,1368.2,https://www.levels.fyi/zh-cn/companies/coinbase/salaries/product-manager/locations/charlotte-nc-greater-area?dma=517,2026-03-12 17:26:15
Coinbase,产品经理,"United States - Charlotte, NC Greater Area",IC6Senior Product Manager,--,--,--,--,https://www.levels.fyi/zh-cn/companies/coinbase/salaries/product-manager/locations/charlotte-nc-greater-area?dma=517,2026-03-12 17:26:15
Coinbase,产品经理,"United States - Charlotte, NC Greater Area",IC7Group Product Manager,--,--,--,--,https://www.levels.fyi/zh-cn/companies/coinbase/salaries/product-manager/locations/charlotte-nc-greater-area?dma=517,2026-03-12 17:26:15
Coinbase,产品经理,"United States - Charlotte, NC Greater Area",IC8Director,--,--,--,--,https://www.levels.fyi/zh-cn/companies/coinbase/salaries/product-manager/locations/charlotte-nc-greater-area?dma=517,2026-03-12 17:26:15
Coinbase,产品经理,"United States - Charlotte, NC Greater Area",IC9Senior Director,--,--,--,--,https://www.levels.fyi/zh-cn/companies/coinbase/salaries/product-manager/locations/charlotte-nc-greater-area?dma=517,2026-03-12 17:26:15
Coinbase,产品设计师,United States,IC3Product Designer,1.4万,1.1万,2976.2,345.3,https://www.levels.fyi/zh-cn/companies/coinbase/salaries/product-designer?country=254,2026-03-12 17:26:30
Coinbase,产品设计师,United States,IC4,1.9万,1.3万,5416.7,182.4,https://www.levels.fyi/zh-cn/companies/coinbase/salaries/product-designer?country=254,2026-03-12 17:26:30
Coinbase,产品设计师,United States,IC5Senior Product Designer,2.5万,1.7万,6634.6,1126.3,https://www.levels.fyi/zh-cn/companies/coinbase/salaries/product-designer?country=254,2026-03-12 17:26:30
Coinbase,产品设计师,United States,IC6Staff Product Designer,3.6万,1.9万,1.4万,2397.4,https://www.levels.fyi/zh-cn/companies/coinbase/salaries/product-designer?country=254,2026-03-12 17:26:30
Coinbase,产品设计师,United States,IC7Senior Staff Product Designer,--,--,--,--,https://www.levels.fyi/zh-cn/companies/coinbase/salaries/product-designer?country=254,2026-03-12 17:26:30
Coinbase,产品设计师,United States - New York City Area,IC3Product Designer,--,--,--,--,https://www.levels.fyi/zh-cn/companies/coinbase/salaries/product-designer/locations/new-york-city-area?dma=501,2026-03-12 17:26:36
Coinbase,产品设计师,United States - New York City Area,IC4,2万,1.4万,6458.3,0,https://www.levels.fyi/zh-cn/companies/coinbase/salaries/product-designer/locations/new-york-city-area?dma=501,2026-03-12 17:26:36
Coinbase,产品设计师,United States - New York City Area,IC5Senior Product Designer,2.6万,1.7万,6944.4,1388.9,https://www.levels.fyi/zh-cn/companies/coinbase/salaries/product-designer/locations/new-york-city-area?dma=501,2026-03-12 17:26:36
Coinbase,产品设计师,United States - New York City Area,IC6Staff Product Designer,3.8万,1.9万,1.6万,3166.7,https://www.levels.fyi/zh-cn/companies/coinbase/salaries/product-designer/locations/new-york-city-area?dma=501,2026-03-12 17:26:36
Coinbase,产品设计师,United States - New York City Area,IC7Senior Staff Product Designer,--,--,--,--,https://www.levels.fyi/zh-cn/companies/coinbase/salaries/product-designer/locations/new-york-city-area?dma=501,2026-03-12 17:26:36
Coinbase,产品设计师,United States - San Francisco Bay Area,IC3Product Designer,1.4万,1.1万,3125,291.7,https://www.levels.fyi/zh-cn/companies/coinbase/salaries/product-designer/locations/san-francisco-bay-area?dma=807,2026-03-12 17:26:41
Coinbase,产品设计师,United States - San Francisco Bay Area,IC4,--,--,--,--,https://www.levels.fyi/zh-cn/companies/coinbase/salaries/product-designer/locations/san-francisco-bay-area?dma=807,2026-03-12 17:26:41
Coinbase,产品设计师,United States - San Francisco Bay Area,IC5Senior Product Designer,2.4万,1.7万,6041.7,954.2,https://www.levels.fyi/zh-cn/companies/coinbase/salaries/product-designer/locations/san-francisco-bay-area?dma=807,2026-03-12 17:26:41
Coinbase,产品设计师,United States - San Francisco Bay Area,IC6Staff Product Designer,3.4万,1.9万,1.3万,1680.6,https://www.levels.fyi/zh-cn/companies/coinbase/salaries/product-designer/locations/san-francisco-bay-area?dma=807,2026-03-12 17:26:41
Coinbase,产品设计师,United States - San Francisco Bay Area,IC7Senior Staff Product Designer,--,--,--,--,https://www.levels.fyi/zh-cn/companies/coinbase/salaries/product-designer/locations/san-francisco-bay-area?dma=807,2026-03-12 17:26:41
Coinbase,数据科学家,United States,IC3Data Scientist,1.5万,1.1万,1875,1489.5,https://www.levels.fyi/zh-cn/companies/coinbase/salaries/data-scientist?country=254,2026-03-12 17:26:56
Coinbase,数据科学家,United States,IC4,2万,1.4万,5357.2,142.8,https://www.levels.fyi/zh-cn/companies/coinbase/salaries/data-scientist?country=254,2026-03-12 17:26:56
Coinbase,数据科学家,United States,IC5Senior Data Scientist,3.4万,1.7万,1.5万,1677,https://www.levels.fyi/zh-cn/companies/coinbase/salaries/data-scientist?country=254,2026-03-12 17:26:56
Coinbase,数据科学家,United States,IC6Staff Data Scientist,4万,1.8万,1.9万,2392.5,https://www.levels.fyi/zh-cn/companies/coinbase/salaries/data-scientist?country=254,2026-03-12 17:26:56
Coinbase,数据科学家,United States,IC7Senior Staff Data Scientist,--,--,--,--,https://www.levels.fyi/zh-cn/companies/coinbase/salaries/data-scientist?country=254,2026-03-12 17:26:56
Coinbase,数据科学家,United States - San Francisco Bay Area,IC3Data Scientist,--,--,--,--,https://www.levels.fyi/zh-cn/companies/coinbase/salaries/data-scientist/locations/san-francisco-bay-area?dma=807,2026-03-12 17:27:01
Coinbase,数据科学家,United States - San Francisco Bay Area,IC4,2.1万,1.4万,6250,333.3,https://www.levels.fyi/zh-cn/companies/coinbase/salaries/data-scientist/locations/san-francisco-bay-area?dma=807,2026-03-12 17:27:01
Coinbase,数据科学家,United States - San Francisco Bay Area,IC5Senior Data Scientist,3.4万,1.7万,1.5万,1976.7,https://www.levels.fyi/zh-cn/companies/coinbase/salaries/data-scientist/locations/san-francisco-bay-area?dma=807,2026-03-12 17:27:01
Coinbase,数据科学家,United States - San Francisco Bay Area,IC6Staff Data Scientist,4.6万,2万,2.3万,3000,https://www.levels.fyi/zh-cn/companies/coinbase/salaries/data-scientist/locations/san-francisco-bay-area?dma=807,2026-03-12 17:27:01
Coinbase,数据科学家,United States - San Francisco Bay Area,IC7Senior Staff Data Scientist,--,--,--,--,https://www.levels.fyi/zh-cn/companies/coinbase/salaries/data-scientist/locations/san-francisco-bay-area?dma=807,2026-03-12 17:27:01
Coinbase,数据科学家,United States - New York City Area,IC3Data Scientist,--,--,--,--,https://www.levels.fyi/zh-cn/companies/coinbase/salaries/data-scientist/locations/new-york-city-area?dma=501,2026-03-12 17:27:07
Coinbase,数据科学家,United States - New York City Area,IC4,1.6万,1.3万,3125,0,https://www.levels.fyi/zh-cn/companies/coinbase/salaries/data-scientist/locations/new-york-city-area?dma=501,2026-03-12 17:27:07
Coinbase,数据科学家,United States - New York City Area,IC5Senior Data Scientist,3.3万,1.7万,1.5万,1266.7,https://www.levels.fyi/zh-cn/companies/coinbase/salaries/data-scientist/locations/new-york-city-area?dma=501,2026-03-12 17:27:07
Coinbase,数据科学家,United States - New York City Area,IC6Staff Data Scientist,--,--,--,--,https://www.levels.fyi/zh-cn/companies/coinbase/salaries/data-scientist/locations/new-york-city-area?dma=501,2026-03-12 17:27:07
Coinbase,数据科学家,United States - New York City Area,IC7Senior Staff Data Scientist,--,--,--,--,https://www.levels.fyi/zh-cn/companies/coinbase/salaries/data-scientist/locations/new-york-city-area?dma=501,2026-03-12 17:27:07
Coinbase,数据科学家,United States - Greater Los Angeles Area,IC3Data Scientist,1.5万,1.2万,2604.2,598.8,https://www.levels.fyi/zh-cn/companies/coinbase/salaries/data-scientist/locations/greater-los-angeles-area?dma=803,2026-03-12 17:27:12
Coinbase,数据科学家,United States - Greater Los Angeles Area,IC4,--,--,--,--,https://www.levels.fyi/zh-cn/companies/coinbase/salaries/data-scientist/locations/greater-los-angeles-area?dma=803,2026-03-12 17:27:12
Coinbase,数据科学家,United States - Greater Los Angeles Area,IC5Senior Data Scientist,--,--,--,--,https://www.levels.fyi/zh-cn/companies/coinbase/salaries/data-scientist/locations/greater-los-angeles-area?dma=803,2026-03-12 17:27:12
Coinbase,数据科学家,United States - Greater Los Angeles Area,IC6Staff Data Scientist,--,--,--,--,https://www.levels.fyi/zh-cn/companies/coinbase/salaries/data-scientist/locations/greater-los-angeles-area?dma=803,2026-03-12 17:27:12
Coinbase,数据科学家,United States - Greater Los Angeles Area,IC7Senior Staff Data Scientist,--,--,--,--,https://www.levels.fyi/zh-cn/companies/coinbase/salaries/data-scientist/locations/greater-los-angeles-area?dma=803,2026-03-12 17:27:12
Coinbase,技术项目经理,United States,IC3Associate TPM,--,--,--,--,https://www.levels.fyi/zh-cn/companies/coinbase/salaries/technical-program-manager?country=254,2026-03-12 17:27:35
Coinbase,技术项目经理,United States,IC4TPM I,--,--,--,--,https://www.levels.fyi/zh-cn/companies/coinbase/salaries/technical-program-manager?country=254,2026-03-12 17:27:35
Coinbase,技术项目经理,United States,IC5TPM II,2.6万,1.6万,9010.4,1075.8,https://www.levels.fyi/zh-cn/companies/coinbase/salaries/technical-program-manager?country=254,2026-03-12 17:27:35
Coinbase,技术项目经理,United States,IC6Senior TPM,3万,1.7万,1.2万,1823.2,https://www.levels.fyi/zh-cn/companies/coinbase/salaries/technical-program-manager?country=254,2026-03-12 17:27:35
Coinbase,技术项目经理,United States,IC7Group TPM,4.2万,2.1万,1.9万,2229.2,https://www.levels.fyi/zh-cn/companies/coinbase/salaries/technical-program-manager?country=254,2026-03-12 17:27:35
Coinbase,技术项目经理,United States,IC8Director,8万,2.6万,4.9万,5114.6,https://www.levels.fyi/zh-cn/companies/coinbase/salaries/technical-program-manager?country=254,2026-03-12 17:27:35
Coinbase,技术项目经理,United States,IC9Senior Director,--,--,--,--,https://www.levels.fyi/zh-cn/companies/coinbase/salaries/technical-program-manager?country=254,2026-03-12 17:27:35
Coinbase,技术项目经理,United States - New York City Area,IC3Associate TPM,--,--,--,--,https://www.levels.fyi/zh-cn/companies/coinbase/salaries/technical-program-manager/locations/new-york-city-area?dma=501,2026-03-12 17:27:40
Coinbase,技术项目经理,United States - New York City Area,IC4TPM I,--,--,--,--,https://www.levels.fyi/zh-cn/companies/coinbase/salaries/technical-program-manager/locations/new-york-city-area?dma=501,2026-03-12 17:27:40
Coinbase,技术项目经理,United States - New York City Area,IC5TPM II,2.5万,1.6万,7638.9,1574.4,https://www.levels.fyi/zh-cn/companies/coinbase/salaries/technical-program-manager/locations/new-york-city-area?dma=501,2026-03-12 17:27:40
Coinbase,技术项目经理,United States - New York City Area,IC6Senior TPM,--,--,--,--,https://www.levels.fyi/zh-cn/companies/coinbase/salaries/technical-program-manager/locations/new-york-city-area?dma=501,2026-03-12 17:27:40
Coinbase,技术项目经理,United States - New York City Area,IC7Group TPM,--,--,--,--,https://www.levels.fyi/zh-cn/companies/coinbase/salaries/technical-program-manager/locations/new-york-city-area?dma=501,2026-03-12 17:27:40
Coinbase,技术项目经理,United States - New York City Area,IC8Director,8.79万,2.6万,5.6万,5416.7,https://www.levels.fyi/zh-cn/companies/coinbase/salaries/technical-program-manager/locations/new-york-city-area?dma=501,2026-03-12 17:27:40
Coinbase,技术项目经理,United States - New York City Area,IC9Senior Director,--,--,--,--,https://www.levels.fyi/zh-cn/companies/coinbase/salaries/technical-program-manager/locations/new-york-city-area?dma=501,2026-03-12 17:27:40
Coinbase,招聘专员,United States,IC3,9605.7,8569.2,833.3,203.2,https://www.levels.fyi/zh-cn/companies/coinbase/salaries/recruiter?country=254,2026-03-12 17:28:01
Coinbase,招聘专员,United States,IC4,1.2万,9990.8,2083.3,329.2,https://www.levels.fyi/zh-cn/companies/coinbase/salaries/recruiter?country=254,2026-03-12 17:28:01
Coinbase,招聘专员,United States,IC5,1.7万,1.2万,4102.6,1121.8,https://www.levels.fyi/zh-cn/companies/coinbase/salaries/recruiter?country=254,2026-03-12 17:28:01
Coinbase,招聘专员,United States,IC6,2.7万,1.5万,8500,3283.3,https://www.levels.fyi/zh-cn/companies/coinbase/salaries/recruiter?country=254,2026-03-12 17:28:01
Coinbase,招聘专员,United States,IC7,--,--,--,--,https://www.levels.fyi/zh-cn/companies/coinbase/salaries/recruiter?country=254,2026-03-12 17:28:01
Coinbase,软件工程经理,United States,M6Manager,4.7万,1.9万,2.6万,2019,https://www.levels.fyi/zh-cn/companies/coinbase/salaries/software-engineering-manager?country=254,2026-03-12 17:28:22
Coinbase,软件工程经理,United States,M7Senior Manager,6.1万,2.3万,3.5万,3525,https://www.levels.fyi/zh-cn/companies/coinbase/salaries/software-engineering-manager?country=254,2026-03-12 17:28:22
Coinbase,软件工程经理,United States,M8Director,8.2万,4.5万,3.8万,0,https://www.levels.fyi/zh-cn/companies/coinbase/salaries/software-engineering-manager?country=254,2026-03-12 17:28:22
Coinbase,软件工程经理,United States,M9Senior Director,--,--,--,--,https://www.levels.fyi/zh-cn/companies/coinbase/salaries/software-engineering-manager?country=254,2026-03-12 17:28:22
Coinbase,软件工程经理,United States,M10VP,--,--,--,--,https://www.levels.fyi/zh-cn/companies/coinbase/salaries/software-engineering-manager?country=254,2026-03-12 17:28:22
Coinbase,软件工程经理,United States - San Francisco Bay Area,M6Manager,5万,2万,2.8万,1507.8,https://www.levels.fyi/zh-cn/companies/coinbase/salaries/software-engineering-manager/locations/san-francisco-bay-area?dma=807,2026-03-12 17:28:29
Coinbase,软件工程经理,United States - San Francisco Bay Area,M7Senior Manager,5.8万,2.4万,3万,4013.9,https://www.levels.fyi/zh-cn/companies/coinbase/salaries/software-engineering-manager/locations/san-francisco-bay-area?dma=807,2026-03-12 17:28:29
Coinbase,软件工程经理,United States - San Francisco Bay Area,M8Director,8.2万,4.5万,3.8万,0,https://www.levels.fyi/zh-cn/companies/coinbase/salaries/software-engineering-manager/locations/san-francisco-bay-area?dma=807,2026-03-12 17:28:29
Coinbase,软件工程经理,United States - San Francisco Bay Area,M9Senior Director,--,--,--,--,https://www.levels.fyi/zh-cn/companies/coinbase/salaries/software-engineering-manager/locations/san-francisco-bay-area?dma=807,2026-03-12 17:28:29
Coinbase,软件工程经理,United States - San Francisco Bay Area,M10VP,--,--,--,--,https://www.levels.fyi/zh-cn/companies/coinbase/salaries/software-engineering-manager/locations/san-francisco-bay-area?dma=807,2026-03-12 17:28:29
Coinbase,软件工程经理,United States - Greater Seattle Area,M6Manager,4.8万,2.1万,2.3万,3666.7,https://www.levels.fyi/zh-cn/companies/coinbase/salaries/software-engineering-manager/locations/greater-seattle-area?dma=819,2026-03-12 17:28:34
Coinbase,软件工程经理,United States - Greater Seattle Area,M7Senior Manager,--,--,--,--,https://www.levels.fyi/zh-cn/companies/coinbase/salaries/software-engineering-manager/locations/greater-seattle-area?dma=819,2026-03-12 17:28:34
Coinbase,软件工程经理,United States - Greater Seattle Area,M8Director,--,--,--,--,https://www.levels.fyi/zh-cn/companies/coinbase/salaries/software-engineering-manager/locations/greater-seattle-area?dma=819,2026-03-12 17:28:34
Coinbase,软件工程经理,United States - Greater Seattle Area,M9Senior Director,--,--,--,--,https://www.levels.fyi/zh-cn/companies/coinbase/salaries/software-engineering-manager/locations/greater-seattle-area?dma=819,2026-03-12 17:28:34
Coinbase,软件工程经理,United States - Greater Seattle Area,M10VP,--,--,--,--,https://www.levels.fyi/zh-cn/companies/coinbase/salaries/software-engineering-manager/locations/greater-seattle-area?dma=819,2026-03-12 17:28:34
Coinbase,软件工程经理,Canada,M6Manager,2.7万,1.5万,1.1万,1249.5,https://www.levels.fyi/zh-cn/companies/coinbase/salaries/software-engineering-manager/locations/canada?country=43,2026-03-12 17:28:39
Coinbase,软件工程经理,Canada,M7Senior Manager,--,--,--,--,https://www.levels.fyi/zh-cn/companies/coinbase/salaries/software-engineering-manager/locations/canada?country=43,2026-03-12 17:28:39
Coinbase,软件工程经理,Canada,M8Director,--,--,--,--,https://www.levels.fyi/zh-cn/companies/coinbase/salaries/software-engineering-manager/locations/canada?country=43,2026-03-12 17:28:39
Coinbase,软件工程经理,Canada,M9Senior Director,--,--,--,--,https://www.levels.fyi/zh-cn/companies/coinbase/salaries/software-engineering-manager/locations/canada?country=43,2026-03-12 17:28:39
Coinbase,软件工程经理,Canada,M10VP,--,--,--,--,https://www.levels.fyi/zh-cn/companies/coinbase/salaries/software-engineering-manager/locations/canada?country=43,2026-03-12 17:28:39
Coinbase,软件工程经理,Canada - Greater Vancouver,M6Manager,2.6万,1.8万,8333.3,0,https://www.levels.fyi/zh-cn/companies/coinbase/salaries/software-engineering-manager/locations/greater-vancouver?dma=984,2026-03-12 17:28:44
Coinbase,软件工程经理,Canada - Greater Vancouver,M7Senior Manager,--,--,--,--,https://www.levels.fyi/zh-cn/companies/coinbase/salaries/software-engineering-manager/locations/greater-vancouver?dma=984,2026-03-12 17:28:44
Coinbase,软件工程经理,Canada - Greater Vancouver,M8Director,--,--,--,--,https://www.levels.fyi/zh-cn/companies/coinbase/salaries/software-engineering-manager/locations/greater-vancouver?dma=984,2026-03-12 17:28:44
Coinbase,软件工程经理,Canada - Greater Vancouver,M9Senior Director,--,--,--,--,https://www.levels.fyi/zh-cn/companies/coinbase/salaries/software-engineering-manager/locations/greater-vancouver?dma=984,2026-03-12 17:28:44
Coinbase,软件工程经理,Canada - Greater Vancouver,M10VP,--,--,--,--,https://www.levels.fyi/zh-cn/companies/coinbase/salaries/software-engineering-manager/locations/greater-vancouver?dma=984,2026-03-12 17:28:44
Coinbase,网络安全分析师,United States,IC3,--,--,--,--,https://www.levels.fyi/zh-cn/companies/coinbase/salaries/security-analyst?country=254,2026-03-12 17:29:05
Coinbase,网络安全分析师,United States,IC4,1.6万,1.3万,3194.4,371.8,https://www.levels.fyi/zh-cn/companies/coinbase/salaries/security-analyst?country=254,2026-03-12 17:29:05
Coinbase,网络安全分析师,United States,IC5,2.4万,1.6万,6666.7,1416.7,https://www.levels.fyi/zh-cn/companies/coinbase/salaries/security-analyst?country=254,2026-03-12 17:29:05
Coinbase,网络安全分析师,United States,IC6,--,--,--,--,https://www.levels.fyi/zh-cn/companies/coinbase/salaries/security-analyst?country=254,2026-03-12 17:29:05
Coinbase,网络安全分析师,United States,IC7,4万,2.2万,1.5万,2651.4,https://www.levels.fyi/zh-cn/companies/coinbase/salaries/security-analyst?country=254,2026-03-12 17:29:05
Coinbase,网络安全分析师,United States,IC8,--,--,--,--,https://www.levels.fyi/zh-cn/companies/coinbase/salaries/security-analyst?country=254,2026-03-12 17:29:05
Coinbase,市场营销,United States,IC3,1.1万,1.1万,0,0,https://www.levels.fyi/zh-cn/companies/coinbase/salaries/marketing?country=254,2026-03-12 17:29:26
Coinbase,市场营销,United States,IC4,--,--,--,--,https://www.levels.fyi/zh-cn/companies/coinbase/salaries/marketing?country=254,2026-03-12 17:29:27
Coinbase,市场营销,United States,IC5,1.7万,1.4万,2604.2,312.5,https://www.levels.fyi/zh-cn/companies/coinbase/salaries/marketing?country=254,2026-03-12 17:29:27
Coinbase,市场营销,United States,IC6,2.2万,1.5万,6166.7,1674.2,https://www.levels.fyi/zh-cn/companies/coinbase/salaries/marketing?country=254,2026-03-12 17:29:27
Coinbase,市场营销,United States,IC7,--,--,--,--,https://www.levels.fyi/zh-cn/companies/coinbase/salaries/marketing?country=254,2026-03-12 17:29:27
Coinbase,市场营销,United States,IC8,--,--,--,--,https://www.levels.fyi/zh-cn/companies/coinbase/salaries/marketing?country=254,2026-03-12 17:29:27
Coinbase,市场营销,United States - New York City Area,IC3,--,--,--,--,https://www.levels.fyi/zh-cn/companies/coinbase/salaries/marketing/locations/new-york-city-area?dma=501,2026-03-12 17:29:32
Coinbase,市场营销,United States - New York City Area,IC4,--,--,--,--,https://www.levels.fyi/zh-cn/companies/coinbase/salaries/marketing/locations/new-york-city-area?dma=501,2026-03-12 17:29:32
Coinbase,市场营销,United States - New York City Area,IC5,--,--,--,--,https://www.levels.fyi/zh-cn/companies/coinbase/salaries/marketing/locations/new-york-city-area?dma=501,2026-03-12 17:29:32
Coinbase,市场营销,United States - New York City Area,IC6,2.2万,1.4万,5833.3,1810.4,https://www.levels.fyi/zh-cn/companies/coinbase/salaries/marketing/locations/new-york-city-area?dma=501,2026-03-12 17:29:32
Coinbase,市场营销,United States - New York City Area,IC7,--,--,--,--,https://www.levels.fyi/zh-cn/companies/coinbase/salaries/marketing/locations/new-york-city-area?dma=501,2026-03-12 17:29:32
Coinbase,市场营销,United States - New York City Area,IC8,--,--,--,--,https://www.levels.fyi/zh-cn/companies/coinbase/salaries/marketing/locations/new-york-city-area?dma=501,2026-03-12 17:29:32
Coinbase,财务分析师,United States,IC3,1.2万,1万,1111.1,722.3,https://www.levels.fyi/zh-cn/companies/coinbase/salaries/financial-analyst?country=254,2026-03-12 17:29:47
Coinbase,财务分析师,United States,IC4,1.3万,9708.3,2708.3,485.4,https://www.levels.fyi/zh-cn/companies/coinbase/salaries/financial-analyst?country=254,2026-03-12 17:29:47
Coinbase,财务分析师,United States,IC5,1.8万,1.2万,4166.7,1247.9,https://www.levels.fyi/zh-cn/companies/coinbase/salaries/financial-analyst?country=254,2026-03-12 17:29:47
Coinbase,财务分析师,United States,IC6,--,--,--,--,https://www.levels.fyi/zh-cn/companies/coinbase/salaries/financial-analyst?country=254,2026-03-12 17:29:47
Coinbase,财务分析师,United States,IC7,--,--,--,--,https://www.levels.fyi/zh-cn/companies/coinbase/salaries/financial-analyst?country=254,2026-03-12 17:29:47
Coinbase,财务分析师,United States,IC8,--,--,--,--,https://www.levels.fyi/zh-cn/companies/coinbase/salaries/financial-analyst?country=254,2026-03-12 17:29:47
Coinbase,财务分析师,United States - New York City Area,IC3,1.2万,1万,1111.1,722.3,https://www.levels.fyi/zh-cn/companies/coinbase/salaries/financial-analyst/locations/new-york-city-area?dma=501,2026-03-12 17:29:52
Coinbase,财务分析师,United States - New York City Area,IC4,--,--,--,--,https://www.levels.fyi/zh-cn/companies/coinbase/salaries/financial-analyst/locations/new-york-city-area?dma=501,2026-03-12 17:29:52
Coinbase,财务分析师,United States - New York City Area,IC5,--,--,--,--,https://www.levels.fyi/zh-cn/companies/coinbase/salaries/financial-analyst/locations/new-york-city-area?dma=501,2026-03-12 17:29:52
Coinbase,财务分析师,United States - New York City Area,IC6,--,--,--,--,https://www.levels.fyi/zh-cn/companies/coinbase/salaries/financial-analyst/locations/new-york-city-area?dma=501,2026-03-12 17:29:52
Coinbase,财务分析师,United States - New York City Area,IC7,--,--,--,--,https://www.levels.fyi/zh-cn/companies/coinbase/salaries/financial-analyst/locations/new-york-city-area?dma=501,2026-03-12 17:29:52
Coinbase,财务分析师,United States - New York City Area,IC8,--,--,--,--,https://www.levels.fyi/zh-cn/companies/coinbase/salaries/financial-analyst/locations/new-york-city-area?dma=501,2026-03-12 17:29:52
Coinbase,项目经理,,IC3,--,--,--,--,https://www.levels.fyi/zh-cn/companies/coinbase/salaries/project-manager,2026-03-12 17:30:03
Coinbase,项目经理,,IC4,--,--,--,--,https://www.levels.fyi/zh-cn/companies/coinbase/salaries/project-manager,2026-03-12 17:30:03
Coinbase,项目经理,,IC5,1.8万,1.4万,2777.8,1361.1,https://www.levels.fyi/zh-cn/companies/coinbase/salaries/project-manager,2026-03-12 17:30:03
Coinbase,项目经理,,IC6,2.9万,1.6万,1.2万,1208.3,https://www.levels.fyi/zh-cn/companies/coinbase/salaries/project-manager,2026-03-12 17:30:03
Coinbase,项目经理,,IC7,3.4万,1.8万,1.5万,1666.7,https://www.levels.fyi/zh-cn/companies/coinbase/salaries/project-manager,2026-03-12 17:30:03
Coinbase,项目经理,,IC8,--,--,--,--,https://www.levels.fyi/zh-cn/companies/coinbase/salaries/project-manager,2026-03-12 17:30:03
Coinbase,数据分析师,United States,IC3,--,--,--,--,https://www.levels.fyi/zh-cn/companies/coinbase/salaries/data-analyst?country=254,2026-03-12 17:30:19
Coinbase,数据分析师,United States,IC4,1.6万,1.4万,1666.7,291.7,https://www.levels.fyi/zh-cn/companies/coinbase/salaries/data-analyst?country=254,2026-03-12 17:30:19
Coinbase,数据分析师,United States,IC5,--,--,--,--,https://www.levels.fyi/zh-cn/companies/coinbase/salaries/data-analyst?country=254,2026-03-12 17:30:19
Coinbase,数据分析师,United States,IC6,--,--,--,--,https://www.levels.fyi/zh-cn/companies/coinbase/salaries/data-analyst?country=254,2026-03-12 17:30:19
Coinbase,数据分析师,United States,IC7,--,--,--,--,https://www.levels.fyi/zh-cn/companies/coinbase/salaries/data-analyst?country=254,2026-03-12 17:30:19
Coinbase,数据分析师,United States,IC8,--,--,--,--,https://www.levels.fyi/zh-cn/companies/coinbase/salaries/data-analyst?country=254,2026-03-12 17:30:19
Coinbase,数据分析师,,,19.1万,,,,https://www.levels.fyi/zh-cn/companies/coinbase/salaries/data-analyst/locations/new-york-city-area?dma=501,2026-03-12 17:30:25
Coinbase,业务拓展,,IC3,--,--,--,--,https://www.levels.fyi/zh-cn/companies/coinbase/salaries/business-development,2026-03-12 17:30:35
Coinbase,业务拓展,,IC4,--,--,--,--,https://www.levels.fyi/zh-cn/companies/coinbase/salaries/business-development,2026-03-12 17:30:35
Coinbase,业务拓展,,IC5,--,--,--,--,https://www.levels.fyi/zh-cn/companies/coinbase/salaries/business-development,2026-03-12 17:30:35
Coinbase,业务拓展,,IC6,--,--,--,--,https://www.levels.fyi/zh-cn/companies/coinbase/salaries/business-development,2026-03-12 17:30:35
Coinbase,业务拓展,,IC7,4万,2万,1.7万,2791.7,https://www.levels.fyi/zh-cn/companies/coinbase/salaries/business-development,2026-03-12 17:30:35
Coinbase,业务拓展,,IC8,--,--,--,--,https://www.levels.fyi/zh-cn/companies/coinbase/salaries/business-development,2026-03-12 17:30:35
Coinbase,信息技术专员,,IC3,--,--,--,--,https://www.levels.fyi/zh-cn/companies/coinbase/salaries/information-technologist,2026-03-12 17:30:43
Coinbase,信息技术专员,,IC4,1.2万,9166.7,2500,416.7,https://www.levels.fyi/zh-cn/companies/coinbase/salaries/information-technologist,2026-03-12 17:30:43
Coinbase,信息技术专员,,IC5,--,--,--,--,https://www.levels.fyi/zh-cn/companies/coinbase/salaries/information-technologist,2026-03-12 17:30:43
Coinbase,信息技术专员,,IC6,2.4万,1.4万,8958.3,1176.7,https://www.levels.fyi/zh-cn/companies/coinbase/salaries/information-technologist,2026-03-12 17:30:43
Coinbase,信息技术专员,,IC7,--,--,--,--,https://www.levels.fyi/zh-cn/companies/coinbase/salaries/information-technologist,2026-03-12 17:30:43
Coinbase,信息技术专员,,IC8,--,--,--,--,https://www.levels.fyi/zh-cn/companies/coinbase/salaries/information-technologist,2026-03-12 17:30:43
Coinbase,数据科学经理,,IC3,--,--,--,--,https://www.levels.fyi/zh-cn/companies/coinbase/salaries/data-science-manager,2026-03-12 17:30:50
Coinbase,数据科学经理,,IC4,--,--,--,--,https://www.levels.fyi/zh-cn/companies/coinbase/salaries/data-science-manager,2026-03-12 17:30:50
Coinbase,数据科学经理,,IC5,--,--,--,--,https://www.levels.fyi/zh-cn/companies/coinbase/salaries/data-science-manager,2026-03-12 17:30:50
Coinbase,数据科学经理,,IC6,3.5万,1.8万,1.4万,2535.9,https://www.levels.fyi/zh-cn/companies/coinbase/salaries/data-science-manager,2026-03-12 17:30:50
Coinbase,数据科学经理,,IC7,--,--,--,--,https://www.levels.fyi/zh-cn/companies/coinbase/salaries/data-science-manager,2026-03-12 17:30:50
Coinbase,数据科学经理,,IC8,--,--,--,--,https://www.levels.fyi/zh-cn/companies/coinbase/salaries/data-science-manager,2026-03-12 17:30:50
Coinbase,法务,,IC3,--,--,--,--,https://www.levels.fyi/zh-cn/companies/coinbase/salaries/legal,2026-03-12 17:30:57
Coinbase,法务,,IC4,--,--,--,--,https://www.levels.fyi/zh-cn/companies/coinbase/salaries/legal,2026-03-12 17:30:57
Coinbase,法务,,IC5,--,--,--,--,https://www.levels.fyi/zh-cn/companies/coinbase/salaries/legal,2026-03-12 17:30:57
Coinbase,法务,,IC6,3.2万,2.1万,8333.3,3093.8,https://www.levels.fyi/zh-cn/companies/coinbase/salaries/legal,2026-03-12 17:30:57
Coinbase,法务,,IC7,4.3万,2.5万,1.5万,4189.6,https://www.levels.fyi/zh-cn/companies/coinbase/salaries/legal,2026-03-12 17:30:57
Coinbase,法务,,IC8,--,--,--,--,https://www.levels.fyi/zh-cn/companies/coinbase/salaries/legal,2026-03-12 17:30:57
Coinbase,会计师,,,1万-1.2万,,,,https://www.levels.fyi/zh-cn/companies/coinbase/salaries/accountant,2026-03-12 17:31:03
Coinbase,行政助理,,,1.1万-1.3万,,,,https://www.levels.fyi/zh-cn/companies/coinbase/salaries/administrative-assistant,2026-03-12 17:31:07
Coinbase,业务运营,,,1.5万-1.8万,,,,https://www.levels.fyi/zh-cn/companies/coinbase/salaries/biz-ops,2026-03-12 17:31:12
Coinbase,业务分析师,,IC3,--,--,--,--,https://www.levels.fyi/zh-cn/companies/coinbase/salaries/business-analyst,2026-03-12 17:31:17
Coinbase,业务分析师,,IC4,--,--,--,--,https://www.levels.fyi/zh-cn/companies/coinbase/salaries/business-analyst,2026-03-12 17:31:17
Coinbase,业务分析师,,IC5,1.8万,1.4万,3125,708.3,https://www.levels.fyi/zh-cn/companies/coinbase/salaries/business-analyst,2026-03-12 17:31:17
Coinbase,业务分析师,,IC6,--,--,--,--,https://www.levels.fyi/zh-cn/companies/coinbase/salaries/business-analyst,2026-03-12 17:31:17
Coinbase,业务分析师,,IC7,--,--,--,--,https://www.levels.fyi/zh-cn/companies/coinbase/salaries/business-analyst,2026-03-12 17:31:17
Coinbase,业务分析师,,IC8,--,--,--,--,https://www.levels.fyi/zh-cn/companies/coinbase/salaries/business-analyst,2026-03-12 17:31:17
Coinbase,业务分析师,,,2万-2.4万,,,,https://www.levels.fyi/zh-cn/companies/coinbase/salaries/business-analyst,2026-03-12 17:31:18
Coinbase,客户服务,,,5232.5-6325,,,,https://www.levels.fyi/zh-cn/companies/coinbase/salaries/customer-service,2026-03-12 17:31:22
Coinbase,客户服务运营,,,1万-1.2万,,,,https://www.levels.fyi/zh-cn/companies/coinbase/salaries/customer-service-ops,2026-03-12 17:31:27
Coinbase,客户成功,United States,,2.7万-3.2万,,,,https://www.levels.fyi/zh-cn/companies/coinbase/salaries/customer-success,2026-03-12 17:31:41
Coinbase,客户成功,United States - New York City Area,,2.7万-3.2万,,,,https://www.levels.fyi/zh-cn/companies/coinbase/salaries/customer-success/locations/new-york-city-area,2026-03-12 17:31:45
Coinbase,人力资源,,IC3,--,--,--,--,https://www.levels.fyi/zh-cn/companies/coinbase/salaries/human-resources,2026-03-12 17:31:55
Coinbase,人力资源,,IC4,--,--,--,--,https://www.levels.fyi/zh-cn/companies/coinbase/salaries/human-resources,2026-03-12 17:31:55
Coinbase,人力资源,,IC5,1.6万,1.4万,1388.9,970.8,https://www.levels.fyi/zh-cn/companies/coinbase/salaries/human-resources,2026-03-12 17:31:55
Coinbase,人力资源,,IC6,2.2万,1.6万,3750,2500,https://www.levels.fyi/zh-cn/companies/coinbase/salaries/human-resources,2026-03-12 17:31:55
Coinbase,人力资源,,IC7,2.1万,1.9万,1111.1,1097.3,https://www.levels.fyi/zh-cn/companies/coinbase/salaries/human-resources,2026-03-12 17:31:55
Coinbase,人力资源,,IC8,--,--,--,--,https://www.levels.fyi/zh-cn/companies/coinbase/salaries/human-resources,2026-03-12 17:31:55
Coinbase,管理咨询顾问,,,2.6万-3万,,,,https://www.levels.fyi/zh-cn/companies/coinbase/salaries/management-consultant,2026-03-12 17:32:01
Coinbase,市场运营,,,4.1万-5万,,,,https://www.levels.fyi/zh-cn/companies/coinbase/salaries/marketing-operations,2026-03-12 17:32:06
Coinbase,项目群经理,,,4867-5776.2,,,,https://www.levels.fyi/zh-cn/companies/coinbase/salaries/program-manager,2026-03-12 17:32:11
Coinbase,销售,,,1.1万-1.2万,,,,https://www.levels.fyi/zh-cn/companies/coinbase/salaries/sales,2026-03-12 17:32:16
Coinbase,解决方案架构师,,,1.7万-2万,,,,https://www.levels.fyi/zh-cn/companies/coinbase/salaries/solution-architect,2026-03-12 17:32:20
Coinbase,信任与安全,,,1.5万-1.7万,,,,https://www.levels.fyi/zh-cn/companies/coinbase/salaries/trust-and-safety,2026-03-12 17:32:24
Coinbase,用户体验研究员,,IC3,1.1万,9750,1041.7,270.8,https://www.levels.fyi/zh-cn/companies/coinbase/salaries/ux-researcher,2026-03-12 17:32:30
Coinbase,用户体验研究员,,IC4,--,--,--,--,https://www.levels.fyi/zh-cn/companies/coinbase/salaries/ux-researcher,2026-03-12 17:32:30
Coinbase,用户体验研究员,,IC5,--,--,--,--,https://www.levels.fyi/zh-cn/companies/coinbase/salaries/ux-researcher,2026-03-12 17:32:30
Coinbase,用户体验研究员,,IC6,2.9万,1.7万,1万,1670.8,https://www.levels.fyi/zh-cn/companies/coinbase/salaries/ux-researcher,2026-03-12 17:32:30
Coinbase,用户体验研究员,,IC7,--,--,--,--,https://www.levels.fyi/zh-cn/companies/coinbase/salaries/ux-researcher,2026-03-12 17:32:30
Coinbase,用户体验研究员,,IC8,--,--,--,--,https://www.levels.fyi/zh-cn/companies/coinbase/salaries/ux-researcher,2026-03-12 17:32:30
Kraken,软件工程师,United States,L1Junior Software Engineer(入门级),--,--,--,--,https://www.levels.fyi/zh-cn/companies/kraken/salaries/software-engineer?country=254,2026-03-12 17:32:50
Kraken,软件工程师,United States,L2Software Engineer I,1.5万,1.3万,1108.3,530.6,https://www.levels.fyi/zh-cn/companies/kraken/salaries/software-engineer?country=254,2026-03-12 17:32:50
Kraken,软件工程师,United States,L3Software Engineer II,1.5万,1.3万,1569.7,1029.8,https://www.levels.fyi/zh-cn/companies/kraken/salaries/software-engineer?country=254,2026-03-12 17:32:50
Kraken,软件工程师,United States,L4Senior Software Engineer,1.9万,1.5万,3185.2,710.1,https://www.levels.fyi/zh-cn/companies/kraken/salaries/software-engineer?country=254,2026-03-12 17:32:50
Kraken,软件工程师,United States,L5Staff Software Engineer,2.2万,1.9万,458.3,2354.2,https://www.levels.fyi/zh-cn/companies/kraken/salaries/software-engineer?country=254,2026-03-12 17:32:50
Kraken,软件工程师,United States,L6Senior Staff Software Engineer,--,--,--,--,https://www.levels.fyi/zh-cn/companies/kraken/salaries/software-engineer?country=254,2026-03-12 17:32:50
Kraken,软件工程师,United States,L7Principal Software Engineer,--,--,--,--,https://www.levels.fyi/zh-cn/companies/kraken/salaries/software-engineer?country=254,2026-03-12 17:32:50
Kraken,软件工程师,United States - Greater Los Angeles Area,L1Junior Software Engineer(入门级),--,--,--,--,https://www.levels.fyi/zh-cn/companies/kraken/salaries/software-engineer/locations/greater-los-angeles-area?dma=803,2026-03-12 17:32:55
Kraken,软件工程师,United States - Greater Los Angeles Area,L2Software Engineer I,--,--,--,--,https://www.levels.fyi/zh-cn/companies/kraken/salaries/software-engineer/locations/greater-los-angeles-area?dma=803,2026-03-12 17:32:55
Kraken,软件工程师,United States - Greater Los Angeles Area,L3Software Engineer II,1.8万,1.4万,2333.3,1770.8,https://www.levels.fyi/zh-cn/companies/kraken/salaries/software-engineer/locations/greater-los-angeles-area?dma=803,2026-03-12 17:32:55
Kraken,软件工程师,United States - Greater Los Angeles Area,L4Senior Software Engineer,1.2万,1.2万,0,583.3,https://www.levels.fyi/zh-cn/companies/kraken/salaries/software-engineer/locations/greater-los-angeles-area?dma=803,2026-03-12 17:32:55
Kraken,软件工程师,United States - Greater Los Angeles Area,L5Staff Software Engineer,--,--,--,--,https://www.levels.fyi/zh-cn/companies/kraken/salaries/software-engineer/locations/greater-los-angeles-area?dma=803,2026-03-12 17:32:55
Kraken,软件工程师,United States - Greater Los Angeles Area,L6Senior Staff Software Engineer,--,--,--,--,https://www.levels.fyi/zh-cn/companies/kraken/salaries/software-engineer/locations/greater-los-angeles-area?dma=803,2026-03-12 17:32:55
Kraken,软件工程师,United States - Greater Los Angeles Area,L7Principal Software Engineer,--,--,--,--,https://www.levels.fyi/zh-cn/companies/kraken/salaries/software-engineer/locations/greater-los-angeles-area?dma=803,2026-03-12 17:32:55
Kraken,软件工程师,United States - San Francisco Bay Area,L1Junior Software Engineer(入门级),--,--,--,--,https://www.levels.fyi/zh-cn/companies/kraken/salaries/software-engineer/locations/san-francisco-bay-area?dma=807,2026-03-12 17:33:00
Kraken,软件工程师,United States - San Francisco Bay Area,L2Software Engineer I,--,--,--,--,https://www.levels.fyi/zh-cn/companies/kraken/salaries/software-engineer/locations/san-francisco-bay-area?dma=807,2026-03-12 17:33:00
Kraken,软件工程师,United States - San Francisco Bay Area,L3Software Engineer II,1.4万,1.3万,416.7,1250,https://www.levels.fyi/zh-cn/companies/kraken/salaries/software-engineer/locations/san-francisco-bay-area?dma=807,2026-03-12 17:33:00
Kraken,软件工程师,United States - San Francisco Bay Area,L4Senior Software Engineer,2.2万,1.6万,4750,500,https://www.levels.fyi/zh-cn/companies/kraken/salaries/software-engineer/locations/san-francisco-bay-area?dma=807,2026-03-12 17:33:00
Kraken,软件工程师,United States - San Francisco Bay Area,L5Staff Software Engineer,--,--,--,--,https://www.levels.fyi/zh-cn/companies/kraken/salaries/software-engineer/locations/san-francisco-bay-area?dma=807,2026-03-12 17:33:00
Kraken,软件工程师,United States - San Francisco Bay Area,L6Senior Staff Software Engineer,--,--,--,--,https://www.levels.fyi/zh-cn/companies/kraken/salaries/software-engineer/locations/san-francisco-bay-area?dma=807,2026-03-12 17:33:00
Kraken,软件工程师,United States - San Francisco Bay Area,L7Principal Software Engineer,--,--,--,--,https://www.levels.fyi/zh-cn/companies/kraken/salaries/software-engineer/locations/san-francisco-bay-area?dma=807,2026-03-12 17:33:00
Kraken,客户服务,,L1,3850.1,3850.1,0,0,https://www.levels.fyi/zh-cn/companies/kraken/salaries/customer-service,2026-03-12 17:33:12
Kraken,客户服务,,L2,--,--,--,--,https://www.levels.fyi/zh-cn/companies/kraken/salaries/customer-service,2026-03-12 17:33:12
Kraken,客户服务,,L3,--,--,--,--,https://www.levels.fyi/zh-cn/companies/kraken/salaries/customer-service,2026-03-12 17:33:12
Kraken,客户服务,,L4,--,--,--,--,https://www.levels.fyi/zh-cn/companies/kraken/salaries/customer-service,2026-03-12 17:33:12
Kraken,客户服务,,L5,--,--,--,--,https://www.levels.fyi/zh-cn/companies/kraken/salaries/customer-service,2026-03-12 17:33:12
Kraken,客户服务,,L6,--,--,--,--,https://www.levels.fyi/zh-cn/companies/kraken/salaries/customer-service,2026-03-12 17:33:12
Kraken,客户服务,,L7,--,--,--,--,https://www.levels.fyi/zh-cn/companies/kraken/salaries/customer-service,2026-03-12 17:33:12
Kraken,产品经理,,L1,--,--,--,--,https://www.levels.fyi/zh-cn/companies/kraken/salaries/product-manager,2026-03-12 17:33:19
Kraken,产品经理,,L2,2.4万,1.8万,4062.5,2291.7,https://www.levels.fyi/zh-cn/companies/kraken/salaries/product-manager,2026-03-12 17:33:19
Kraken,产品经理,,L3,--,--,--,--,https://www.levels.fyi/zh-cn/companies/kraken/salaries/product-manager,2026-03-12 17:33:19
Kraken,产品经理,,L4,2.1万,2万,0,1250,https://www.levels.fyi/zh-cn/companies/kraken/salaries/product-manager,2026-03-12 17:33:19
Kraken,产品经理,,L5,--,--,--,--,https://www.levels.fyi/zh-cn/companies/kraken/salaries/product-manager,2026-03-12 17:33:19
Kraken,产品经理,,L6,--,--,--,--,https://www.levels.fyi/zh-cn/companies/kraken/salaries/product-manager,2026-03-12 17:33:19
Kraken,产品经理,,L7,--,--,--,--,https://www.levels.fyi/zh-cn/companies/kraken/salaries/product-manager,2026-03-12 17:33:19
Kraken,行政助理,,,7084-8239,,,,https://www.levels.fyi/zh-cn/companies/kraken/salaries/administrative-assistant,2026-03-12 17:33:24
Kraken,业务运营,,,2.1万-2.5万,,,,https://www.levels.fyi/zh-cn/companies/kraken/salaries/biz-ops,2026-03-12 17:33:29
Kraken,业务分析师,,,3720-4320,,,,https://www.levels.fyi/zh-cn/companies/kraken/salaries/business-analyst,2026-03-12 17:33:34
Kraken,企业发展,,,1.5万-1.8万,,,,https://www.levels.fyi/zh-cn/companies/kraken/salaries/corp-dev,2026-03-12 17:33:38
Kraken,数据分析师,,,1.3万-1.5万,,,,https://www.levels.fyi/zh-cn/companies/kraken/salaries/data-analyst,2026-03-12 17:33:44
Kraken,数据科学家,,,1.2万-1.4万,,,,https://www.levels.fyi/zh-cn/companies/kraken/salaries/data-scientist,2026-03-12 17:33:49
Kraken,法务,,,2.8万-3.2万,,,,https://www.levels.fyi/zh-cn/companies/kraken/salaries/legal,2026-03-12 17:33:54
Kraken,市场营销,,,7196.5-8475.9,,,,https://www.levels.fyi/zh-cn/companies/kraken/salaries/marketing,2026-03-12 17:33:59
Kraken,市场运营,,,8662.5-1万,,,,https://www.levels.fyi/zh-cn/companies/kraken/salaries/marketing-operations,2026-03-12 17:34:03
Kraken,产品设计师,,,2万-2.2万,,,,https://www.levels.fyi/zh-cn/companies/kraken/salaries/product-designer,2026-03-12 17:34:08
Kraken,招聘专员,,L1,--,--,--,--,https://www.levels.fyi/zh-cn/companies/kraken/salaries/recruiter,2026-03-12 17:34:14
Kraken,招聘专员,,L2,--,--,--,--,https://www.levels.fyi/zh-cn/companies/kraken/salaries/recruiter,2026-03-12 17:34:14
Kraken,招聘专员,,L3,1.2万,9067.8,2552.1,459.4,https://www.levels.fyi/zh-cn/companies/kraken/salaries/recruiter,2026-03-12 17:34:14
Kraken,招聘专员,,L4,--,--,--,--,https://www.levels.fyi/zh-cn/companies/kraken/salaries/recruiter,2026-03-12 17:34:14
Kraken,招聘专员,,L5,--,--,--,--,https://www.levels.fyi/zh-cn/companies/kraken/salaries/recruiter,2026-03-12 17:34:14
Kraken,招聘专员,,L6,--,--,--,--,https://www.levels.fyi/zh-cn/companies/kraken/salaries/recruiter,2026-03-12 17:34:14
Kraken,招聘专员,,L7,--,--,--,--,https://www.levels.fyi/zh-cn/companies/kraken/salaries/recruiter,2026-03-12 17:34:14
Kraken,招聘专员,,,1.3万-1.5万,,,,https://www.levels.fyi/zh-cn/companies/kraken/salaries/recruiter,2026-03-12 17:34:16
Kraken,网络安全分析师,,,1.2万-1.4万,,,,https://www.levels.fyi/zh-cn/companies/kraken/salaries/security-analyst,2026-03-12 17:34:21
Kraken,软件工程经理,,,7037.6-8172.7,,,,https://www.levels.fyi/zh-cn/companies/kraken/salaries/software-engineering-manager,2026-03-12 17:34:25
Kraken,解决方案架构师,,,3.4万-4万,,,,https://www.levels.fyi/zh-cn/companies/kraken/salaries/solution-architect,2026-03-12 17:34:31
Kraken,技术项目经理,,,9713.3-1.1万,,,,https://www.levels.fyi/zh-cn/companies/kraken/salaries/technical-program-manager,2026-03-12 17:34:36
Gemini,软件工程师,United States,Software Engineer(入门级),1.3万,1.2万,640.3,213.9,https://www.levels.fyi/zh-cn/companies/gemini/salaries/software-engineer?country=254,2026-03-12 17:35:02
Gemini,软件工程师,United States,Senior Software Engineer,2万,1.7万,2328.2,821.4,https://www.levels.fyi/zh-cn/companies/gemini/salaries/software-engineer?country=254,2026-03-12 17:35:02
Gemini,软件工程师,United States,Staff Software Engineer,2.1万,1.9万,652.1,768.3,https://www.levels.fyi/zh-cn/companies/gemini/salaries/software-engineer?country=254,2026-03-12 17:35:02
Gemini,软件工程师,United States,Principal Software Engineer,--,--,--,--,https://www.levels.fyi/zh-cn/companies/gemini/salaries/software-engineer?country=254,2026-03-12 17:35:02
Gemini,软件工程师,United States - New York City Area,Software Engineer(入门级),1.3万,1.2万,298.9,187.5,https://www.levels.fyi/zh-cn/companies/gemini/salaries/software-engineer/locations/new-york-city-area?dma=501,2026-03-12 17:35:07
Gemini,软件工程师,United States - New York City Area,Senior Software Engineer,2万,1.6万,2279.1,1074.1,https://www.levels.fyi/zh-cn/companies/gemini/salaries/software-engineer/locations/new-york-city-area?dma=501,2026-03-12 17:35:07
Gemini,软件工程师,United States - New York City Area,Staff Software Engineer,2万,1.9万,1043.3,416.7,https://www.levels.fyi/zh-cn/companies/gemini/salaries/software-engineer/locations/new-york-city-area?dma=501,2026-03-12 17:35:07
Gemini,软件工程师,United States - New York City Area,Principal Software Engineer,--,--,--,--,https://www.levels.fyi/zh-cn/companies/gemini/salaries/software-engineer/locations/new-york-city-area?dma=501,2026-03-12 17:35:07
Gemini,软件工程师,United States - Greater Seattle Area,Software Engineer(入门级),1.4万,1.2万,1437.5,453.2,https://www.levels.fyi/zh-cn/companies/gemini/salaries/software-engineer/locations/greater-seattle-area?dma=819,2026-03-12 17:35:12
Gemini,软件工程师,United States - Greater Seattle Area,Senior Software Engineer,--,--,--,--,https://www.levels.fyi/zh-cn/companies/gemini/salaries/software-engineer/locations/greater-seattle-area?dma=819,2026-03-12 17:35:12
Gemini,软件工程师,United States - Greater Seattle Area,Staff Software Engineer,--,--,--,--,https://www.levels.fyi/zh-cn/companies/gemini/salaries/software-engineer/locations/greater-seattle-area?dma=819,2026-03-12 17:35:12
Gemini,软件工程师,United States - Greater Seattle Area,Principal Software Engineer,--,--,--,--,https://www.levels.fyi/zh-cn/companies/gemini/salaries/software-engineer/locations/greater-seattle-area?dma=819,2026-03-12 17:35:12
Gemini,软件工程师,,,11.9万,,,,https://www.levels.fyi/zh-cn/companies/gemini/salaries/software-engineer/locations/united-kingdom?country=253,2026-03-12 17:35:18
Gemini,软件工程师,,,11.9万,,,,https://www.levels.fyi/zh-cn/companies/gemini/salaries/software-engineer/locations/london-metro-area?dma=10045,2026-03-12 17:35:23
Gemini,产品经理,United States,Product Manager,1.9万,1.9万,0,0,https://www.levels.fyi/zh-cn/companies/gemini/salaries/product-manager?country=254,2026-03-12 17:35:42
Gemini,产品经理,United States,Senior Product Manager,--,--,--,--,https://www.levels.fyi/zh-cn/companies/gemini/salaries/product-manager?country=254,2026-03-12 17:35:42
Gemini,产品经理,United States,Staff Product Manager,--,--,--,--,https://www.levels.fyi/zh-cn/companies/gemini/salaries/product-manager?country=254,2026-03-12 17:35:42
Gemini,产品经理,United States,Principal Product Manager,--,--,--,--,https://www.levels.fyi/zh-cn/companies/gemini/salaries/product-manager?country=254,2026-03-12 17:35:42
Gemini,产品设计师,,,14万,,,,https://www.levels.fyi/zh-cn/companies/gemini/salaries/product-designer,2026-03-12 17:35:54
Gemini,招聘专员,,,20万,,,,https://www.levels.fyi/zh-cn/companies/gemini/salaries/recruiter,2026-03-12 17:35:59
Gemini,软件工程经理,,,24.5万,,,,https://www.levels.fyi/zh-cn/companies/gemini/salaries/software-engineering-manager,2026-03-12 17:36:05
Gemini,会计师,,,1.1万-1.2万,,,,https://www.levels.fyi/zh-cn/companies/gemini/salaries/accountant,2026-03-12 17:36:11
Gemini,业务拓展,,,8816.7-1万,,,,https://www.levels.fyi/zh-cn/companies/gemini/salaries/business-development,2026-03-12 17:36:16
Gemini,Compliance Officer,,,1.3万-1.6万,,,,https://www.levels.fyi/zh-cn/companies/gemini/salaries/compliance-officer,2026-03-12 17:36:20
Gemini,数据分析师,,,9200-1.1万,,,,https://www.levels.fyi/zh-cn/companies/gemini/salaries/data-analyst,2026-03-12 17:36:26
Gemini,数据科学家,,,8898.9-1.1万,,,,https://www.levels.fyi/zh-cn/companies/gemini/salaries/data-scientist,2026-03-12 17:36:30
Gemini,财务分析师,,,7666.7-9083.3,,,,https://www.levels.fyi/zh-cn/companies/gemini/salaries/financial-analyst,2026-03-12 17:36:35
Gemini,市场营销,,,14.5万,,,,https://www.levels.fyi/zh-cn/companies/gemini/salaries/marketing,2026-03-12 17:36:41
Gemini,销售,,,6000-7066.7,,,,https://www.levels.fyi/zh-cn/companies/gemini/salaries/sales,2026-03-12 17:36:46
Gemini,网络安全分析师,,,8146.7-9533.3,,,,https://www.levels.fyi/zh-cn/companies/gemini/salaries/security-analyst,2026-03-12 17:36:51
Gemini,技术项目经理,,,1.1万-1.3万,,,,https://www.levels.fyi/zh-cn/companies/gemini/salaries/technical-program-manager,2026-03-12 17:36:55
Crypto.com,软件工程师,,,7.6万,,,,https://www.levels.fyi/zh-cn/companies/cryptocom/salaries/software-engineer?country=236,2026-03-12 17:37:19
Crypto.com,软件工程师,,,7.6万,,,,https://www.levels.fyi/zh-cn/companies/cryptocom/salaries/software-engineer/locations/greater-taipei-area?dma=10064,2026-03-12 17:37:24
Crypto.com,软件工程师,,,8.7万,,,,https://www.levels.fyi/zh-cn/companies/cryptocom/salaries/software-engineer/locations/hong-kong-sar?country=109,2026-03-12 17:37:29
Crypto.com,软件工程师,,,8.7万,,,,https://www.levels.fyi/zh-cn/companies/cryptocom/salaries/software-engineer/locations/greater-hong-kong-area?dma=10021,2026-03-12 17:37:34
Crypto.com,软件工程师,,,8.1万,,,,https://www.levels.fyi/zh-cn/companies/cryptocom/salaries/software-engineer/locations/singapore?country=219,2026-03-12 17:37:40
Crypto.com,产品经理,,,9.2万,,,,https://www.levels.fyi/zh-cn/companies/cryptocom/salaries/product-manager,2026-03-12 17:37:49
Crypto.com,业务拓展,,,9966.7-1.2万,,,,https://www.levels.fyi/zh-cn/companies/cryptocom/salaries/business-development,2026-03-12 17:37:54
Crypto.com,企业发展,,,1.4万-1.7万,,,,https://www.levels.fyi/zh-cn/companies/cryptocom/salaries/corp-dev,2026-03-12 17:37:58
Crypto.com,数据分析师,,,2897.9-3391.1,,,,https://www.levels.fyi/zh-cn/companies/cryptocom/salaries/data-analyst,2026-03-12 17:38:03
Crypto.com,数据科学家,,,4714.2-5482.8,,,,https://www.levels.fyi/zh-cn/companies/cryptocom/salaries/data-scientist,2026-03-12 17:38:07
Crypto.com,人力资源,,,1.5万-1.7万,,,,https://www.levels.fyi/zh-cn/companies/cryptocom/salaries/human-resources,2026-03-12 17:38:11
Crypto.com,市场营销,,,1.8万-2.1万,,,,https://www.levels.fyi/zh-cn/companies/cryptocom/salaries/marketing,2026-03-12 17:38:17
Crypto.com,产品设计师,,,1.2万-1.4万,,,,https://www.levels.fyi/zh-cn/companies/cryptocom/salaries/product-designer,2026-03-12 17:38:22
Crypto.com,项目经理,,,1.2万-1.5万,,,,https://www.levels.fyi/zh-cn/companies/cryptocom/salaries/project-manager,2026-03-12 17:38:26
Crypto.com,招聘专员,,,6377.3-7568.7,,,,https://www.levels.fyi/zh-cn/companies/cryptocom/salaries/recruiter,2026-03-12 17:38:30
Crypto.com,销售,,,1.2万-1.4万,,,,https://www.levels.fyi/zh-cn/companies/cryptocom/salaries/sales,2026-03-12 17:38:35
Crypto.com,网络安全分析师,,,5642-6552,,,,https://www.levels.fyi/zh-cn/companies/cryptocom/salaries/security-analyst,2026-03-12 17:38:39
Crypto.com,软件工程经理,,,2.2万-2.7万,,,,https://www.levels.fyi/zh-cn/companies/cryptocom/salaries/software-engineering-manager,2026-03-12 17:38:45
OKX,软件工程师,Singapore,P4(入门级),6115.4,5764.3,0,351.2,https://www.levels.fyi/zh-cn/companies/okx/salaries/software-engineer?country=219,2026-03-12 17:39:07
OKX,软件工程师,Singapore,P5,9709.3,8539.8,101,1068.5,https://www.levels.fyi/zh-cn/companies/okx/salaries/software-engineer?country=219,2026-03-12 17:39:07
OKX,软件工程师,Singapore,P6.1,1.3万,1万,1122.7,1499.3,https://www.levels.fyi/zh-cn/companies/okx/salaries/software-engineer?country=219,2026-03-12 17:39:07
OKX,软件工程师,Singapore,P6.2,1.6万,1.1万,3030.5,1894.9,https://www.levels.fyi/zh-cn/companies/okx/salaries/software-engineer?country=219,2026-03-12 17:39:07
OKX,软件工程师,Singapore,P7.1,--,--,--,--,https://www.levels.fyi/zh-cn/companies/okx/salaries/software-engineer?country=219,2026-03-12 17:39:07
OKX,软件工程师,Singapore,P7.2,--,--,--,--,https://www.levels.fyi/zh-cn/companies/okx/salaries/software-engineer?country=219,2026-03-12 17:39:07
OKX,软件工程师,Singapore,P7.3,--,--,--,--,https://www.levels.fyi/zh-cn/companies/okx/salaries/software-engineer?country=219,2026-03-12 17:39:07
OKX,软件工程师,Hong Kong (SAR),P4(入门级),5044.8,4787.7,0,257.2,https://www.levels.fyi/zh-cn/companies/okx/salaries/software-engineer/locations/hong-kong-sar?country=109,2026-03-12 17:39:12
OKX,软件工程师,Hong Kong (SAR),P5,8011,6916.4,38.8,1055.8,https://www.levels.fyi/zh-cn/companies/okx/salaries/software-engineer/locations/hong-kong-sar?country=109,2026-03-12 17:39:12
OKX,软件工程师,Hong Kong (SAR),P6.1,1.1万,9348.2,883.6,1264.8,https://www.levels.fyi/zh-cn/companies/okx/salaries/software-engineer/locations/hong-kong-sar?country=109,2026-03-12 17:39:12
OKX,软件工程师,Hong Kong (SAR),P6.2,--,--,--,--,https://www.levels.fyi/zh-cn/companies/okx/salaries/software-engineer/locations/hong-kong-sar?country=109,2026-03-12 17:39:12
OKX,软件工程师,Hong Kong (SAR),P7.1,--,--,--,--,https://www.levels.fyi/zh-cn/companies/okx/salaries/software-engineer/locations/hong-kong-sar?country=109,2026-03-12 17:39:12
OKX,软件工程师,Hong Kong (SAR),P7.2,--,--,--,--,https://www.levels.fyi/zh-cn/companies/okx/salaries/software-engineer/locations/hong-kong-sar?country=109,2026-03-12 17:39:12
OKX,软件工程师,Hong Kong (SAR),P7.3,--,--,--,--,https://www.levels.fyi/zh-cn/companies/okx/salaries/software-engineer/locations/hong-kong-sar?country=109,2026-03-12 17:39:12
OKX,软件工程师,Hong Kong (SAR) - Greater Hong Kong Area,P4(入门级),5044.8,4787.7,0,257.2,https://www.levels.fyi/zh-cn/companies/okx/salaries/software-engineer/locations/greater-hong-kong-area?dma=10021,2026-03-12 17:39:16
OKX,软件工程师,Hong Kong (SAR) - Greater Hong Kong Area,P5,8011,6916.4,38.8,1055.8,https://www.levels.fyi/zh-cn/companies/okx/salaries/software-engineer/locations/greater-hong-kong-area?dma=10021,2026-03-12 17:39:16
OKX,软件工程师,Hong Kong (SAR) - Greater Hong Kong Area,P6.1,1.1万,9348.2,883.6,1264.8,https://www.levels.fyi/zh-cn/companies/okx/salaries/software-engineer/locations/greater-hong-kong-area?dma=10021,2026-03-12 17:39:16
OKX,软件工程师,Hong Kong (SAR) - Greater Hong Kong Area,P6.2,--,--,--,--,https://www.levels.fyi/zh-cn/companies/okx/salaries/software-engineer/locations/greater-hong-kong-area?dma=10021,2026-03-12 17:39:16
OKX,软件工程师,Hong Kong (SAR) - Greater Hong Kong Area,P7.1,--,--,--,--,https://www.levels.fyi/zh-cn/companies/okx/salaries/software-engineer/locations/greater-hong-kong-area?dma=10021,2026-03-12 17:39:16
OKX,软件工程师,Hong Kong (SAR) - Greater Hong Kong Area,P7.2,--,--,--,--,https://www.levels.fyi/zh-cn/companies/okx/salaries/software-engineer/locations/greater-hong-kong-area?dma=10021,2026-03-12 17:39:16
OKX,软件工程师,Hong Kong (SAR) - Greater Hong Kong Area,P7.3,--,--,--,--,https://www.levels.fyi/zh-cn/companies/okx/salaries/software-engineer/locations/greater-hong-kong-area?dma=10021,2026-03-12 17:39:16
OKX,软件工程师,United States,P4(入门级),1.2万,1.1万,0,914.4,https://www.levels.fyi/zh-cn/companies/okx/salaries/software-engineer/locations/united-states?country=254,2026-03-12 17:39:22
OKX,软件工程师,United States,P5,1.7万,1.4万,1458.3,1055.6,https://www.levels.fyi/zh-cn/companies/okx/salaries/software-engineer/locations/united-states?country=254,2026-03-12 17:39:22
OKX,软件工程师,United States,P6.1,2.6万,1.9万,5000,2571.6,https://www.levels.fyi/zh-cn/companies/okx/salaries/software-engineer/locations/united-states?country=254,2026-03-12 17:39:22
OKX,软件工程师,United States,P6.2,2.7万,2万,3625,3437.5,https://www.levels.fyi/zh-cn/companies/okx/salaries/software-engineer/locations/united-states?country=254,2026-03-12 17:39:22
OKX,软件工程师,United States,P7.1,4.3万,2.5万,8333.3,1万,https://www.levels.fyi/zh-cn/companies/okx/salaries/software-engineer/locations/united-states?country=254,2026-03-12 17:39:22
OKX,软件工程师,United States,P7.2,--,--,--,--,https://www.levels.fyi/zh-cn/companies/okx/salaries/software-engineer/locations/united-states?country=254,2026-03-12 17:39:22
OKX,软件工程师,United States,P7.3,--,--,--,--,https://www.levels.fyi/zh-cn/companies/okx/salaries/software-engineer/locations/united-states?country=254,2026-03-12 17:39:22
OKX,软件工程师,United States - San Francisco Bay Area,P4(入门级),1.3万,1.2万,0,1201.9,https://www.levels.fyi/zh-cn/companies/okx/salaries/software-engineer/locations/san-francisco-bay-area?dma=807,2026-03-12 17:39:27
OKX,软件工程师,United States - San Francisco Bay Area,P5,1.8万,1.5万,1666.7,1583.3,https://www.levels.fyi/zh-cn/companies/okx/salaries/software-engineer/locations/san-francisco-bay-area?dma=807,2026-03-12 17:39:27
OKX,软件工程师,United States - San Francisco Bay Area,P6.1,2.6万,1.9万,5000,2571.6,https://www.levels.fyi/zh-cn/companies/okx/salaries/software-engineer/locations/san-francisco-bay-area?dma=807,2026-03-12 17:39:27
OKX,软件工程师,United States - San Francisco Bay Area,P6.2,2.7万,2万,3625,3437.5,https://www.levels.fyi/zh-cn/companies/okx/salaries/software-engineer/locations/san-francisco-bay-area?dma=807,2026-03-12 17:39:27
OKX,软件工程师,United States - San Francisco Bay Area,P7.1,4.3万,2.5万,8333.3,1万,https://www.levels.fyi/zh-cn/companies/okx/salaries/software-engineer/locations/san-francisco-bay-area?dma=807,2026-03-12 17:39:27
OKX,软件工程师,United States - San Francisco Bay Area,P7.2,--,--,--,--,https://www.levels.fyi/zh-cn/companies/okx/salaries/software-engineer/locations/san-francisco-bay-area?dma=807,2026-03-12 17:39:27
OKX,软件工程师,United States - San Francisco Bay Area,P7.3,--,--,--,--,https://www.levels.fyi/zh-cn/companies/okx/salaries/software-engineer/locations/san-francisco-bay-area?dma=807,2026-03-12 17:39:27
OKX,软件工程师,China,P4(入门级),4251.9,4251.9,0,0,https://www.levels.fyi/zh-cn/companies/okx/salaries/software-engineer/locations/china?country=49,2026-03-12 17:39:32
OKX,软件工程师,China,P5,5449.2,5104.2,0,345,https://www.levels.fyi/zh-cn/companies/okx/salaries/software-engineer/locations/china?country=49,2026-03-12 17:39:32
OKX,软件工程师,China,P6.1,--,--,--,--,https://www.levels.fyi/zh-cn/companies/okx/salaries/software-engineer/locations/china?country=49,2026-03-12 17:39:32
OKX,软件工程师,China,P6.2,8944.4,6912.3,1615,417.2,https://www.levels.fyi/zh-cn/companies/okx/salaries/software-engineer/locations/china?country=49,2026-03-12 17:39:32
OKX,软件工程师,China,P7.1,--,--,--,--,https://www.levels.fyi/zh-cn/companies/okx/salaries/software-engineer/locations/china?country=49,2026-03-12 17:39:32
OKX,软件工程师,China,P7.2,--,--,--,--,https://www.levels.fyi/zh-cn/companies/okx/salaries/software-engineer/locations/china?country=49,2026-03-12 17:39:32
OKX,软件工程师,China,P7.3,--,--,--,--,https://www.levels.fyi/zh-cn/companies/okx/salaries/software-engineer/locations/china?country=49,2026-03-12 17:39:32
OKX,软件工程师,China - Beijing Metropolitan Area,P4(入门级),--,--,--,--,https://www.levels.fyi/zh-cn/companies/okx/salaries/software-engineer/locations/beijing-metropolitan-area?dma=10076,2026-03-12 17:39:37
OKX,软件工程师,China - Beijing Metropolitan Area,P5,4985.8,4525.8,0,460,https://www.levels.fyi/zh-cn/companies/okx/salaries/software-engineer/locations/beijing-metropolitan-area?dma=10076,2026-03-12 17:39:37
OKX,软件工程师,China - Beijing Metropolitan Area,P6.1,--,--,--,--,https://www.levels.fyi/zh-cn/companies/okx/salaries/software-engineer/locations/beijing-metropolitan-area?dma=10076,2026-03-12 17:39:37
OKX,软件工程师,China - Beijing Metropolitan Area,P6.2,--,--,--,--,https://www.levels.fyi/zh-cn/companies/okx/salaries/software-engineer/locations/beijing-metropolitan-area?dma=10076,2026-03-12 17:39:37
OKX,软件工程师,China - Beijing Metropolitan Area,P7.1,--,--,--,--,https://www.levels.fyi/zh-cn/companies/okx/salaries/software-engineer/locations/beijing-metropolitan-area?dma=10076,2026-03-12 17:39:37
OKX,软件工程师,China - Beijing Metropolitan Area,P7.2,--,--,--,--,https://www.levels.fyi/zh-cn/companies/okx/salaries/software-engineer/locations/beijing-metropolitan-area?dma=10076,2026-03-12 17:39:37
OKX,软件工程师,China - Beijing Metropolitan Area,P7.3,--,--,--,--,https://www.levels.fyi/zh-cn/companies/okx/salaries/software-engineer/locations/beijing-metropolitan-area?dma=10076,2026-03-12 17:39:37
OKX,产品经理,Singapore,P4,7255.8,6622.1,0,633.7,https://www.levels.fyi/zh-cn/companies/okx/salaries/product-manager?country=219,2026-03-12 17:39:59
OKX,产品经理,Singapore,P5,8910.8,7637.8,0,1273,https://www.levels.fyi/zh-cn/companies/okx/salaries/product-manager?country=219,2026-03-12 17:39:59
OKX,产品经理,Singapore,P6.1,1.2万,9457,1563.3,1004.2,https://www.levels.fyi/zh-cn/companies/okx/salaries/product-manager?country=219,2026-03-12 17:39:59
OKX,产品经理,Singapore,P6.2,1.4万,1.1万,1373.9,1434.1,https://www.levels.fyi/zh-cn/companies/okx/salaries/product-manager?country=219,2026-03-12 17:39:59
OKX,产品经理,Singapore,P7.1,--,--,--,--,https://www.levels.fyi/zh-cn/companies/okx/salaries/product-manager?country=219,2026-03-12 17:39:59
OKX,产品经理,Singapore,P7.2,--,--,--,--,https://www.levels.fyi/zh-cn/companies/okx/salaries/product-manager?country=219,2026-03-12 17:39:59
OKX,产品经理,Singapore,P7.3,--,--,--,--,https://www.levels.fyi/zh-cn/companies/okx/salaries/product-manager?country=219,2026-03-12 17:39:59
OKX,产品经理,Hong Kong (SAR),P4,--,--,--,--,https://www.levels.fyi/zh-cn/companies/okx/salaries/product-manager/locations/hong-kong-sar?country=109,2026-03-12 17:40:05
OKX,产品经理,Hong Kong (SAR),P5,--,--,--,--,https://www.levels.fyi/zh-cn/companies/okx/salaries/product-manager/locations/hong-kong-sar?country=109,2026-03-12 17:40:05
OKX,产品经理,Hong Kong (SAR),P6.1,--,--,--,--,https://www.levels.fyi/zh-cn/companies/okx/salaries/product-manager/locations/hong-kong-sar?country=109,2026-03-12 17:40:05
OKX,产品经理,Hong Kong (SAR),P6.2,--,--,--,--,https://www.levels.fyi/zh-cn/companies/okx/salaries/product-manager/locations/hong-kong-sar?country=109,2026-03-12 17:40:05
OKX,产品经理,Hong Kong (SAR),P7.1,2.3万,2.1万,833.3,1883.3,https://www.levels.fyi/zh-cn/companies/okx/salaries/product-manager/locations/hong-kong-sar?country=109,2026-03-12 17:40:05
OKX,产品经理,Hong Kong (SAR),P7.2,3.7万,1.9万,2148.4,1.6万,https://www.levels.fyi/zh-cn/companies/okx/salaries/product-manager/locations/hong-kong-sar?country=109,2026-03-12 17:40:05
OKX,产品经理,Hong Kong (SAR),P7.3,--,--,--,--,https://www.levels.fyi/zh-cn/companies/okx/salaries/product-manager/locations/hong-kong-sar?country=109,2026-03-12 17:40:05
OKX,产品经理,Hong Kong (SAR) - Greater Hong Kong Area,P4,--,--,--,--,https://www.levels.fyi/zh-cn/companies/okx/salaries/product-manager/locations/greater-hong-kong-area?dma=10021,2026-03-12 17:40:10
OKX,产品经理,Hong Kong (SAR) - Greater Hong Kong Area,P5,--,--,--,--,https://www.levels.fyi/zh-cn/companies/okx/salaries/product-manager/locations/greater-hong-kong-area?dma=10021,2026-03-12 17:40:10
OKX,产品经理,Hong Kong (SAR) - Greater Hong Kong Area,P6.1,--,--,--,--,https://www.levels.fyi/zh-cn/companies/okx/salaries/product-manager/locations/greater-hong-kong-area?dma=10021,2026-03-12 17:40:10
OKX,产品经理,Hong Kong (SAR) - Greater Hong Kong Area,P6.2,--,--,--,--,https://www.levels.fyi/zh-cn/companies/okx/salaries/product-manager/locations/greater-hong-kong-area?dma=10021,2026-03-12 17:40:10
OKX,产品经理,Hong Kong (SAR) - Greater Hong Kong Area,P7.1,2.3万,2.1万,833.3,1883.3,https://www.levels.fyi/zh-cn/companies/okx/salaries/product-manager/locations/greater-hong-kong-area?dma=10021,2026-03-12 17:40:10
OKX,产品经理,Hong Kong (SAR) - Greater Hong Kong Area,P7.2,3.7万,1.9万,2148.4,1.6万,https://www.levels.fyi/zh-cn/companies/okx/salaries/product-manager/locations/greater-hong-kong-area?dma=10021,2026-03-12 17:40:10
OKX,产品经理,Hong Kong (SAR) - Greater Hong Kong Area,P7.3,--,--,--,--,https://www.levels.fyi/zh-cn/companies/okx/salaries/product-manager/locations/greater-hong-kong-area?dma=10021,2026-03-12 17:40:10
OKX,产品经理,United States,P4,--,--,--,--,https://www.levels.fyi/zh-cn/companies/okx/salaries/product-manager/locations/united-states?country=254,2026-03-12 17:40:15
OKX,产品经理,United States,P5,1.4万,1.4万,0,0,https://www.levels.fyi/zh-cn/companies/okx/salaries/product-manager/locations/united-states?country=254,2026-03-12 17:40:15
OKX,产品经理,United States,P6.1,2万,1.8万,972.3,1743.9,https://www.levels.fyi/zh-cn/companies/okx/salaries/product-manager/locations/united-states?country=254,2026-03-12 17:40:15
OKX,产品经理,United States,P6.2,3.5万,2.3万,7250,4375.1,https://www.levels.fyi/zh-cn/companies/okx/salaries/product-manager/locations/united-states?country=254,2026-03-12 17:40:15
OKX,产品经理,United States,P7.1,--,--,--,--,https://www.levels.fyi/zh-cn/companies/okx/salaries/product-manager/locations/united-states?country=254,2026-03-12 17:40:15
OKX,产品经理,United States,P7.2,--,--,--,--,https://www.levels.fyi/zh-cn/companies/okx/salaries/product-manager/locations/united-states?country=254,2026-03-12 17:40:15
OKX,产品经理,United States,P7.3,--,--,--,--,https://www.levels.fyi/zh-cn/companies/okx/salaries/product-manager/locations/united-states?country=254,2026-03-12 17:40:15
OKX,数据分析师,,,12万,,,,https://www.levels.fyi/zh-cn/companies/okx/salaries/data-analyst?country=219,2026-03-12 17:40:35
OKX,软件工程经理,,Manager,2.2万,1.9万,2410.9,1268.9,https://www.levels.fyi/zh-cn/companies/okx/salaries/software-engineering-manager,2026-03-12 17:40:45
OKX,软件工程经理,,Senior Manager,--,--,--,--,https://www.levels.fyi/zh-cn/companies/okx/salaries/software-engineering-manager,2026-03-12 17:40:45
OKX,软件工程经理,,Director,--,--,--,--,https://www.levels.fyi/zh-cn/companies/okx/salaries/software-engineering-manager,2026-03-12 17:40:45
OKX,软件工程经理,,Head of Engineering,--,--,--,--,https://www.levels.fyi/zh-cn/companies/okx/salaries/software-engineering-manager,2026-03-12 17:40:45
OKX,业务分析师,,P4,--,--,--,--,https://www.levels.fyi/zh-cn/companies/okx/salaries/business-analyst,2026-03-12 17:40:52
OKX,业务分析师,,P5,6109,6109,0,0,https://www.levels.fyi/zh-cn/companies/okx/salaries/business-analyst,2026-03-12 17:40:52
OKX,业务分析师,,P6.1,--,--,--,--,https://www.levels.fyi/zh-cn/companies/okx/salaries/business-analyst,2026-03-12 17:40:52
OKX,业务分析师,,P6.2,--,--,--,--,https://www.levels.fyi/zh-cn/companies/okx/salaries/business-analyst,2026-03-12 17:40:52
OKX,业务分析师,,P7.1,--,--,--,--,https://www.levels.fyi/zh-cn/companies/okx/salaries/business-analyst,2026-03-12 17:40:52
OKX,业务分析师,,P7.2,--,--,--,--,https://www.levels.fyi/zh-cn/companies/okx/salaries/business-analyst,2026-03-12 17:40:52
OKX,业务分析师,,P7.3,--,--,--,--,https://www.levels.fyi/zh-cn/companies/okx/salaries/business-analyst,2026-03-12 17:40:53
OKX,会计师,,,6330.4-7215.3,,,,https://www.levels.fyi/zh-cn/companies/okx/salaries/accountant,2026-03-12 17:40:59
OKX,业务运营,,,7249.2-8537.9,,,,https://www.levels.fyi/zh-cn/companies/okx/salaries/biz-ops,2026-03-12 17:41:03
OKX,业务运营经理,,,9875.9-1.1万,,,,https://www.levels.fyi/zh-cn/companies/okx/salaries/bizops-manager,2026-03-12 17:41:07
OKX,业务拓展,,,3870-4687,,,,https://www.levels.fyi/zh-cn/companies/okx/salaries/business-development,2026-03-12 17:41:11
OKX,客户服务运营,,,1748-2033,,,,https://www.levels.fyi/zh-cn/companies/okx/salaries/customer-service-ops,2026-03-12 17:41:16
OKX,数据科学家,,,1.1万-1.3万,,,,https://www.levels.fyi/zh-cn/companies/okx/salaries/data-scientist,2026-03-12 17:41:22
OKX,平面设计师,,,5490.4-6385.6,,,,https://www.levels.fyi/zh-cn/companies/okx/salaries/graphic-designer,2026-03-12 17:41:26
OKX,人力资源,,,8062.4-9495.8,,,,https://www.levels.fyi/zh-cn/companies/okx/salaries/human-resources,2026-03-12 17:41:31
OKX,市场营销,,,1.9万-2.3万,,,,https://www.levels.fyi/zh-cn/companies/okx/salaries/marketing,2026-03-12 17:41:36
OKX,产品设计师,United States,,1.7万-2万,,,,https://www.levels.fyi/zh-cn/companies/okx/salaries/product-designer,2026-03-12 17:41:49
OKX,产品设计师,United States - San Francisco Bay Area,,1.7万-2万,,,,https://www.levels.fyi/zh-cn/companies/okx/salaries/product-designer/locations/san-francisco-bay-area,2026-03-12 17:41:54
OKX,招聘专员,,,5083.8-5912.7,,,,https://www.levels.fyi/zh-cn/companies/okx/salaries/recruiter,2026-03-12 17:42:04
OKX,销售,,,5816-6902.6,,,,https://www.levels.fyi/zh-cn/companies/okx/salaries/sales,2026-03-12 17:42:08
OKX,网络安全分析师,,,9791.9-1.1万,,,,https://www.levels.fyi/zh-cn/companies/okx/salaries/security-analyst,2026-03-12 17:42:13
OKX,用户体验研究员,,,3.4万-4万,,,,https://www.levels.fyi/zh-cn/companies/okx/salaries/ux-researcher,2026-03-12 17:42:17
BitMEX,幕僚长,,,1.2万-1.5万,,,,https://www.levels.fyi/zh-cn/companies/bitmex/salaries/chief-of-staff,2026-03-12 17:42:32
BitMEX,软件工程师,,,12.3万,,,,https://www.levels.fyi/zh-cn/companies/bitmex/salaries/software-engineer,2026-03-12 17:42:38
BitMEX,软件工程经理,,,2.7万-3万,,,,https://www.levels.fyi/zh-cn/companies/bitmex/salaries/software-engineering-manager,2026-03-12 17:42:43
Bitstamp,项目经理,,,5308.3-6300,,,,https://www.levels.fyi/zh-cn/companies/bitstamp/salaries/project-manager,2026-03-12 17:43:35
Bitstamp,软件工程经理,,,1.6万-1.9万,,,,https://www.levels.fyi/zh-cn/companies/bitstamp/salaries/software-engineering-manager,2026-03-12 17:43:39
AscendEX,软件工程师,,,11万,,,,https://www.levels.fyi/zh-cn/companies/ascendex/salaries/software-engineer?country=254,2026-03-12 17:44:27
AscendEX,软件工程师,,,11万,,,,https://www.levels.fyi/zh-cn/companies/ascendex/salaries/software-engineer/locations/new-york-city-area?dma=501,2026-03-12 17:44:32
AscendEX,产品经理,,,3724.6-4358.6,,,,https://www.levels.fyi/zh-cn/companies/ascendex/salaries/product-manager,2026-03-12 17:44:43
bitFlyer,软件工程师,,,4877-5707.2,,,,https://www.levels.fyi/zh-cn/companies/bitflyer/salaries/software-engineer,2026-03-12 17:44:57
Bitfinex,财务分析师,,,2775.2-3227.7,,,,https://www.levels.fyi/zh-cn/companies/bitfinex/salaries/financial-analyst,2026-03-12 17:45:11
Bitfinex,软件工程师,,,7611.2-8838.8,,,,https://www.levels.fyi/zh-cn/companies/bitfinex/salaries/software-engineer,2026-03-12 17:45:16
Bybit,软件工程师,,,11.2万,,,,https://www.levels.fyi/zh-cn/companies/bybit/salaries/software-engineer?country=149,2026-03-12 17:45:41
Bybit,软件工程师,,,11.2万,,,,https://www.levels.fyi/zh-cn/companies/bybit/salaries/software-engineer/locations/greater-kuala-lumpur?dma=10031,2026-03-12 17:45:46
Bybit,业务分析师,,,9936.9-1.2万,,,,https://www.levels.fyi/zh-cn/companies/bybit/salaries/business-analyst,2026-03-12 17:45:58
Bybit,数据分析师,,,11.8万,,,,https://www.levels.fyi/zh-cn/companies/bybit/salaries/data-analyst,2026-03-12 17:46:03
Bybit,市场营销,,,5758.5-6563.5,,,,https://www.levels.fyi/zh-cn/companies/bybit/salaries/marketing,2026-03-12 17:46:08
Bybit,机械工程师,,,1803.5-2052.9,,,,https://www.levels.fyi/zh-cn/companies/bybit/salaries/mechanical-engineer,2026-03-12 17:46:13
Bybit,产品设计师,,,8521.3-9971.7,,,,https://www.levels.fyi/zh-cn/companies/bybit/salaries/product-designer,2026-03-12 17:46:17
Bybit,产品经理,United Arab Emirates,,1万-1.2万,,,,https://www.levels.fyi/zh-cn/companies/bybit/salaries/product-manager,2026-03-12 17:46:32
Bybit,产品经理,United Arab Emirates - Greater Dubai Area,,1万-1.2万,,,,https://www.levels.fyi/zh-cn/companies/bybit/salaries/product-manager/locations/greater-dubai-area,2026-03-12 17:46:36
Bybit,销售,,,2250-2725,,,,https://www.levels.fyi/zh-cn/companies/bybit/salaries/sales,2026-03-12 17:46:46
Solana Labs,业务拓展,,,1.3万-1.5万,,,,https://www.levels.fyi/zh-cn/companies/solana-labs/salaries/business-development,2026-03-12 17:47:01
Ava Labs,软件工程师,,,28万,,,,https://www.levels.fyi/zh-cn/companies/ava-labs/salaries/software-engineer?country=254,2026-03-12 17:47:27
Ava Labs,软件工程师,,,25.5万,,,,https://www.levels.fyi/zh-cn/companies/ava-labs/salaries/software-engineer/locations/new-york-city-area?dma=501,2026-03-12 17:47:32
Ava Labs,产品经理,,,1.3万-1.5万,,,,https://www.levels.fyi/zh-cn/companies/ava-labs/salaries/product-manager,2026-03-12 17:47:42
Polygon Technology,业务拓展,,,2811.9-3331.5,,,,https://www.levels.fyi/zh-cn/companies/polygon-technology/salaries/business-development,2026-03-12 17:47:58
Polygon Technology,幕僚长,,,1.3万-1.5万,,,,https://www.levels.fyi/zh-cn/companies/polygon-technology/salaries/chief-of-staff,2026-03-12 17:48:02
Polygon Technology,文案撰稿人,,,4983.3-5795.8,,,,https://www.levels.fyi/zh-cn/companies/polygon-technology/salaries/copywriter,2026-03-12 17:48:07
Polygon Technology,数据分析师,,,3000-3633.3,,,,https://www.levels.fyi/zh-cn/companies/polygon-technology/salaries/data-analyst,2026-03-12 17:48:12
Polygon Technology,数据科学家,,,2万-2.3万,,,,https://www.levels.fyi/zh-cn/companies/polygon-technology/salaries/data-scientist,2026-03-12 17:48:17
Polygon Technology,人力资源,,,2.7万-3.2万,,,,https://www.levels.fyi/zh-cn/companies/polygon-technology/salaries/human-resources,2026-03-12 17:48:23
Polygon Technology,市场营销,,,1.5万-1.7万,,,,https://www.levels.fyi/zh-cn/companies/polygon-technology/salaries/marketing,2026-03-12 17:48:30
Polygon Technology,产品经理,,,5250-6358.3,,,,https://www.levels.fyi/zh-cn/companies/polygon-technology/salaries/product-manager,2026-03-12 17:48:34
Polygon Technology,项目经理,,,1.2万-1.4万,,,,https://www.levels.fyi/zh-cn/companies/polygon-technology/salaries/project-manager,2026-03-12 17:48:38
Polygon Technology,网络安全分析师,,,1.4万-1.6万,,,,https://www.levels.fyi/zh-cn/companies/polygon-technology/salaries/security-analyst,2026-03-12 17:48:46
Polygon Technology,软件工程师,,,30.5万,,,,https://www.levels.fyi/zh-cn/companies/polygon-technology/salaries/software-engineer,2026-03-12 17:48:52
Polygon Technology,技术写作师,,,4421.2-5354.5,,,,https://www.levels.fyi/zh-cn/companies/polygon-technology/salaries/technical-writer,2026-03-12 17:48:57
Mysten Labs,市场营销,,,1.2万-1.5万,,,,https://www.levels.fyi/zh-cn/companies/mysten-labs/salaries/marketing,2026-03-12 17:50:11
Mysten Labs,产品经理,,,2.5万-3万,,,,https://www.levels.fyi/zh-cn/companies/mysten-labs/salaries/product-manager,2026-03-12 17:50:15
Ripple,数据科学家,United States,Data Scientist I,--,--,--,--,https://www.levels.fyi/zh-cn/companies/ripple/salaries/data-scientist?country=254,2026-03-12 17:50:56
Ripple,数据科学家,United States,Data Scientist II,1.4万,1.4万,0,416.7,https://www.levels.fyi/zh-cn/companies/ripple/salaries/data-scientist?country=254,2026-03-12 17:50:56
Ripple,数据科学家,United States,Senior Data Scientist,--,--,--,--,https://www.levels.fyi/zh-cn/companies/ripple/salaries/data-scientist?country=254,2026-03-12 17:50:56
Ripple,数据科学家,United States,Staff Data Scientist,--,--,--,--,https://www.levels.fyi/zh-cn/companies/ripple/salaries/data-scientist?country=254,2026-03-12 17:50:56
Ripple,数据科学家,United States,Senior Staff Data Scientist,--,--,--,--,https://www.levels.fyi/zh-cn/companies/ripple/salaries/data-scientist?country=254,2026-03-12 17:50:56
Ripple,数据科学家,United States,Principal Data Scientist,--,--,--,--,https://www.levels.fyi/zh-cn/companies/ripple/salaries/data-scientist?country=254,2026-03-12 17:50:56
Ripple,数据科学家,United States - San Francisco Bay Area,Data Scientist I,--,--,--,--,https://www.levels.fyi/zh-cn/companies/ripple/salaries/data-scientist/locations/san-francisco-bay-area?dma=807,2026-03-12 17:51:01
Ripple,数据科学家,United States - San Francisco Bay Area,Data Scientist II,1.4万,1.4万,0,416.7,https://www.levels.fyi/zh-cn/companies/ripple/salaries/data-scientist/locations/san-francisco-bay-area?dma=807,2026-03-12 17:51:01
Ripple,数据科学家,United States - San Francisco Bay Area,Senior Data Scientist,--,--,--,--,https://www.levels.fyi/zh-cn/companies/ripple/salaries/data-scientist/locations/san-francisco-bay-area?dma=807,2026-03-12 17:51:01
Ripple,数据科学家,United States - San Francisco Bay Area,Staff Data Scientist,--,--,--,--,https://www.levels.fyi/zh-cn/companies/ripple/salaries/data-scientist/locations/san-francisco-bay-area?dma=807,2026-03-12 17:51:01
Ripple,数据科学家,United States - San Francisco Bay Area,Senior Staff Data Scientist,--,--,--,--,https://www.levels.fyi/zh-cn/companies/ripple/salaries/data-scientist/locations/san-francisco-bay-area?dma=807,2026-03-12 17:51:01
Ripple,数据科学家,United States - San Francisco Bay Area,Principal Data Scientist,--,--,--,--,https://www.levels.fyi/zh-cn/companies/ripple/salaries/data-scientist/locations/san-francisco-bay-area?dma=807,2026-03-12 17:51:02
Ripple,用户体验研究员,,,18.1万,,,,https://www.levels.fyi/zh-cn/companies/ripple/salaries/ux-researcher,2026-03-12 17:51:21
Ripple,会计师,,,7659.2-9090,,,,https://www.levels.fyi/zh-cn/companies/ripple/salaries/accountant,2026-03-12 17:51:27
Ripple,业务拓展,,,4.1万-5万,,,,https://www.levels.fyi/zh-cn/companies/ripple/salaries/business-development,2026-03-12 17:51:32
Ripple,数据科学经理,,,1.9万-2.3万,,,,https://www.levels.fyi/zh-cn/companies/ripple/salaries/data-science-manager,2026-03-12 17:51:37
Ripple,市场营销,,,4333.6-4932.9,,,,https://www.levels.fyi/zh-cn/companies/ripple/salaries/marketing,2026-03-12 17:51:43
Ripple,产品设计师,,,676.1-796.3,,,,https://www.levels.fyi/zh-cn/companies/ripple/salaries/product-designer,2026-03-12 17:51:47
Ripple,项目群经理,,,1.2万-1.4万,,,,https://www.levels.fyi/zh-cn/companies/ripple/salaries/program-manager,2026-03-12 17:51:53
Ripple,招聘专员,,,1.4万-1.6万,,,,https://www.levels.fyi/zh-cn/companies/ripple/salaries/recruiter,2026-03-12 17:51:58
Ripple,销售,,,1.1万-1.2万,,,,https://www.levels.fyi/zh-cn/companies/ripple/salaries/sales,2026-03-12 17:52:03
Ripple,销售工程师,,,1万-1.3万,,,,https://www.levels.fyi/zh-cn/companies/ripple/salaries/sales-engineer,2026-03-12 17:52:08
Ripple,软件工程经理,,,28.7万,,,,https://www.levels.fyi/zh-cn/companies/ripple/salaries/software-engineering-manager,2026-03-12 17:52:13
Ripple,解决方案架构师,,,1.9万-2.2万,,,,https://www.levels.fyi/zh-cn/companies/ripple/salaries/solution-architect,2026-03-12 17:52:17
Ripple,技术项目经理,,,1.4万-1.6万,,,,https://www.levels.fyi/zh-cn/companies/ripple/salaries/technical-program-manager,2026-03-12 17:52:22
Algorand,业务拓展,,,2.4万-2.8万,,,,https://www.levels.fyi/zh-cn/companies/algorand/salaries/business-development,2026-03-12 17:53:04
Algorand,软件工程师,,,20万,,,,https://www.levels.fyi/zh-cn/companies/algorand/salaries/software-engineer,2026-03-12 17:53:09
Algorand,软件工程经理,,,2万-2.5万,,,,https://www.levels.fyi/zh-cn/companies/algorand/salaries/software-engineering-manager,2026-03-12 17:53:14
Near Protocol,产品经理,,,1.2万-1.5万,,,,https://www.levels.fyi/zh-cn/companies/near-protocol/salaries/product-manager,2026-03-12 17:53:30
Near Protocol,项目经理,,,5687.5-6750,,,,https://www.levels.fyi/zh-cn/companies/near-protocol/salaries/project-manager,2026-03-12 17:53:35
Near Protocol,软件工程师,,,4.2万-5万,,,,https://www.levels.fyi/zh-cn/companies/near-protocol/salaries/software-engineer,2026-03-12 17:53:40
Offchain Labs,业务拓展,,,2万-2.4万,,,,https://www.levels.fyi/zh-cn/companies/offchain-labs/salaries/business-development,2026-03-12 17:53:57
Offchain Labs,产品经理,,,1.1万-1.2万,,,,https://www.levels.fyi/zh-cn/companies/offchain-labs/salaries/product-manager,2026-03-12 17:54:02
Offchain Labs,招聘专员,,,1.8万-2.1万,,,,https://www.levels.fyi/zh-cn/companies/offchain-labs/salaries/recruiter,2026-03-12 17:54:08
Offchain Labs,软件工程师,,,1.5万-1.7万,,,,https://www.levels.fyi/zh-cn/companies/offchain-labs/salaries/software-engineer,2026-03-12 17:54:13
Matter Labs,业务运营,,,1.1万-1.3万,,,,https://www.levels.fyi/zh-cn/companies/matter-labs/salaries/biz-ops,2026-03-12 17:54:30
Matter Labs,幕僚长,,,1.1万-1.3万,,,,https://www.levels.fyi/zh-cn/companies/matter-labs/salaries/chief-of-staff,2026-03-12 17:54:35
Matter Labs,软件工程师,,,1.3万-1.5万,,,,https://www.levels.fyi/zh-cn/companies/matter-labs/salaries/software-engineer,2026-03-12 17:54:41
LayerZero Labs,人力资源,,,2.4万-2.8万,,,,https://www.levels.fyi/zh-cn/companies/layerzero-labs/salaries/human-resources,2026-03-12 17:55:32
Parity Technologies,软件工程师,,,17.5万,,,,https://www.levels.fyi/zh-cn/companies/parity-technologies/salaries/software-engineer?country=253,2026-03-12 17:55:58
Parity Technologies,软件工程师,,,17.5万,,,,https://www.levels.fyi/zh-cn/companies/parity-technologies/salaries/software-engineer/locations/london-metro-area?dma=10045,2026-03-12 17:56:03
Parity Technologies,业务运营经理,,,1.9万-2.3万,,,,https://www.levels.fyi/zh-cn/companies/parity-technologies/salaries/bizops-manager,2026-03-12 17:56:14
Parity Technologies,业务拓展,,,3014.1-3500.3,,,,https://www.levels.fyi/zh-cn/companies/parity-technologies/salaries/business-development,2026-03-12 17:56:21
Parity Technologies,数据分析师,,,8924-1.1万,,,,https://www.levels.fyi/zh-cn/companies/parity-technologies/salaries/data-analyst,2026-03-12 17:56:25
Parity Technologies,人力资源,,,7005.3-8484.3,,,,https://www.levels.fyi/zh-cn/companies/parity-technologies/salaries/human-resources,2026-03-12 17:56:31
Parity Technologies,机械工程师,,,5625-6812.5,,,,https://www.levels.fyi/zh-cn/companies/parity-technologies/salaries/mechanical-engineer,2026-03-12 17:56:36
Parity Technologies,产品设计师,,,6829-7991.4,,,,https://www.levels.fyi/zh-cn/companies/parity-technologies/salaries/product-designer,2026-03-12 17:56:42
Parity Technologies,招聘专员,,,7053.3-8356.7,,,,https://www.levels.fyi/zh-cn/companies/parity-technologies/salaries/recruiter,2026-03-12 17:56:50
Dfinity,业务拓展,,,3.5万-4.2万,,,,https://www.levels.fyi/zh-cn/companies/dfinity/salaries/business-development,2026-03-12 17:57:05
Dfinity,信息技术专员,,,1.2万-1.5万,,,,https://www.levels.fyi/zh-cn/companies/dfinity/salaries/information-technologist,2026-03-12 17:57:10
Dfinity,市场营销,,,1.2万-1.4万,,,,https://www.levels.fyi/zh-cn/companies/dfinity/salaries/marketing,2026-03-12 17:57:14
Dfinity,产品设计师,,,7833.3-8916.7,,,,https://www.levels.fyi/zh-cn/companies/dfinity/salaries/product-designer,2026-03-12 17:57:18
Dfinity,招聘专员,,,1.8万-2.2万,,,,https://www.levels.fyi/zh-cn/companies/dfinity/salaries/recruiter,2026-03-12 17:57:23
Dfinity,软件工程经理,,,4.2万-5万,,,,https://www.levels.fyi/zh-cn/companies/dfinity/salaries/software-engineering-manager,2026-03-12 17:58:04
Dfinity,解决方案架构师,,,2万-2.3万,,,,https://www.levels.fyi/zh-cn/companies/dfinity/salaries/solution-architect,2026-03-12 17:58:08
ConsenSys,市场营销,,,22万,,,,https://www.levels.fyi/zh-cn/companies/consensys/salaries/marketing,2026-03-12 17:58:24
ConsenSys,业务运营经理,,,7924.3-9578.8,,,,https://www.levels.fyi/zh-cn/companies/consensys/salaries/bizops-manager,2026-03-12 17:58:28
ConsenSys,业务拓展,,,7957.9-9619.4,,,,https://www.levels.fyi/zh-cn/companies/consensys/salaries/business-development,2026-03-12 17:58:33
ConsenSys,人力资源,,,1.7万-2万,,,,https://www.levels.fyi/zh-cn/companies/consensys/salaries/human-resources,2026-03-12 17:58:39
ConsenSys,市场运营,,,1.2万-1.4万,,,,https://www.levels.fyi/zh-cn/companies/consensys/salaries/marketing-operations,2026-03-12 17:58:45
ConsenSys,人员运营,,,7833.3-8916.7,,,,https://www.levels.fyi/zh-cn/companies/consensys/salaries/people-ops,2026-03-12 17:58:50
ConsenSys,产品设计师,,,4.4万-5.2万,,,,https://www.levels.fyi/zh-cn/companies/consensys/salaries/product-designer,2026-03-12 17:58:57
ConsenSys,产品设计经理,,,1.6万-1.8万,,,,https://www.levels.fyi/zh-cn/companies/consensys/salaries/product-design-manager,2026-03-12 17:59:02
ConsenSys,项目经理,,,31.5万,,,,https://www.levels.fyi/zh-cn/companies/consensys/salaries/project-manager,2026-03-12 17:59:10
ConsenSys,招聘专员,,,1.2万-1.5万,,,,https://www.levels.fyi/zh-cn/companies/consensys/salaries/recruiter,2026-03-12 17:59:15
ConsenSys,网络安全分析师,,,1.6万-1.9万,,,,https://www.levels.fyi/zh-cn/companies/consensys/salaries/security-analyst,2026-03-12 17:59:20
ConsenSys,软件工程师,United States,IC1(入门级),--,--,--,--,https://www.levels.fyi/zh-cn/companies/consensys/salaries/software-engineer?country=254,2026-03-12 17:59:34
ConsenSys,软件工程师,United States,IC2,--,--,--,--,https://www.levels.fyi/zh-cn/companies/consensys/salaries/software-engineer?country=254,2026-03-12 17:59:34
ConsenSys,软件工程师,United States,IC3,--,--,--,--,https://www.levels.fyi/zh-cn/companies/consensys/salaries/software-engineer?country=254,2026-03-12 17:59:34
ConsenSys,软件工程师,United States,IC4,--,--,--,--,https://www.levels.fyi/zh-cn/companies/consensys/salaries/software-engineer?country=254,2026-03-12 17:59:34
ConsenSys,软件工程师,United States,IC5,2.4万,1.8万,3791.7,2802.1,https://www.levels.fyi/zh-cn/companies/consensys/salaries/software-engineer?country=254,2026-03-12 17:59:34
ConsenSys,软件工程师,United States,IC6,--,--,--,--,https://www.levels.fyi/zh-cn/companies/consensys/salaries/software-engineer?country=254,2026-03-12 17:59:34
ConsenSys,软件工程师,United States,IC7,--,--,--,--,https://www.levels.fyi/zh-cn/companies/consensys/salaries/software-engineer?country=254,2026-03-12 17:59:34
ConsenSys,软件工程师,United States,IC8,--,--,--,--,https://www.levels.fyi/zh-cn/companies/consensys/salaries/software-engineer?country=254,2026-03-12 17:59:34
ConsenSys,软件工程师,,,17.5万,,,,https://www.levels.fyi/zh-cn/companies/consensys/salaries/software-engineer/locations/greater-denver-and-boulder-area?dma=751,2026-03-12 17:59:41
ConsenSys,用户体验研究员,,,1.3万-1.5万,,,,https://www.levels.fyi/zh-cn/companies/consensys/salaries/ux-researcher,2026-03-12 17:59:51
Chainlink Labs,软件工程师,,,10.8万,,,,https://www.levels.fyi/zh-cn/companies/chainlink-labs/salaries/software-engineer?country=10,2026-03-12 18:00:16
Chainlink Labs,软件工程师,,,17.7万,,,,https://www.levels.fyi/zh-cn/companies/chainlink-labs/salaries/software-engineer/locations/united-kingdom?country=253,2026-03-12 18:00:21
Chainlink Labs,软件工程师,,,17.7万,,,,https://www.levels.fyi/zh-cn/companies/chainlink-labs/salaries/software-engineer/locations/london-metro-area?dma=10045,2026-03-12 18:00:26
Chainlink Labs,行政助理,,,1.1万-1.3万,,,,https://www.levels.fyi/zh-cn/companies/chainlink-labs/salaries/administrative-assistant,2026-03-12 18:00:39
Chainlink Labs,数据科学家,,,1万-1.2万,,,,https://www.levels.fyi/zh-cn/companies/chainlink-labs/salaries/data-scientist,2026-03-12 18:00:44
Chainlink Labs,财务分析师,,,2.1万-2.4万,,,,https://www.levels.fyi/zh-cn/companies/chainlink-labs/salaries/financial-analyst,2026-03-12 18:00:50
Chainlink Labs,人力资源,,,7820.7-9095.8,,,,https://www.levels.fyi/zh-cn/companies/chainlink-labs/salaries/human-resources,2026-03-12 18:00:54
Chainlink Labs,法务,,,2.3万-2.7万,,,,https://www.levels.fyi/zh-cn/companies/chainlink-labs/salaries/legal,2026-03-12 18:00:59
Chainlink Labs,市场营销,,,1.9万-2.2万,,,,https://www.levels.fyi/zh-cn/companies/chainlink-labs/salaries/marketing,2026-03-12 18:01:03
Chainlink Labs,产品经理,,,1.9万-2.3万,,,,https://www.levels.fyi/zh-cn/companies/chainlink-labs/salaries/product-manager,2026-03-12 18:01:07
Chainlink Labs,招聘专员,,,11.5万,,,,https://www.levels.fyi/zh-cn/companies/chainlink-labs/salaries/recruiter,2026-03-12 18:01:13
Chainlink Labs,销售,,,1.4万-1.6万,,,,https://www.levels.fyi/zh-cn/companies/chainlink-labs/salaries/sales,2026-03-12 18:01:19
Chainlink Labs,网络安全分析师,,,1.1万-1.4万,,,,https://www.levels.fyi/zh-cn/companies/chainlink-labs/salaries/security-analyst,2026-03-12 18:01:24
Chainlink Labs,解决方案架构师,,,1.2万-1.3万,,,,https://www.levels.fyi/zh-cn/companies/chainlink-labs/salaries/solution-architect,2026-03-12 18:01:29
OpenSea,软件工程师,,Software Engineer 1(入门级),--,--,--,--,https://www.levels.fyi/zh-cn/companies/opensea/salaries/software-engineer,2026-03-12 18:01:46
OpenSea,软件工程师,,Software Engineer 2,2.8万,1.7万,1万,0,https://www.levels.fyi/zh-cn/companies/opensea/salaries/software-engineer,2026-03-12 18:01:46
OpenSea,软件工程师,,Senior Software Engineer 1,--,--,--,--,https://www.levels.fyi/zh-cn/companies/opensea/salaries/software-engineer,2026-03-12 18:01:46
OpenSea,软件工程师,,Senior Software Engineer 2,5.3万,2.1万,3.2万,0,https://www.levels.fyi/zh-cn/companies/opensea/salaries/software-engineer,2026-03-12 18:01:46
OpenSea,软件工程师,,Staff Software Engineer,--,--,--,--,https://www.levels.fyi/zh-cn/companies/opensea/salaries/software-engineer,2026-03-12 18:01:46
OpenSea,软件工程师,,Principal Software Engineer,--,--,--,--,https://www.levels.fyi/zh-cn/companies/opensea/salaries/software-engineer,2026-03-12 18:01:46
OpenSea,软件工程师,,Distinguished Software Engineer,--,--,--,--,https://www.levels.fyi/zh-cn/companies/opensea/salaries/software-engineer,2026-03-12 18:01:46
OpenSea,会计师,,,1.2万-1.4万,,,,https://www.levels.fyi/zh-cn/companies/opensea/salaries/accountant,2026-03-12 18:01:55
OpenSea,业务分析师,,,1.5万-1.8万,,,,https://www.levels.fyi/zh-cn/companies/opensea/salaries/business-analyst,2026-03-12 18:02:00
OpenSea,人力资源,,,2.1万-2.4万,,,,https://www.levels.fyi/zh-cn/companies/opensea/salaries/human-resources,2026-03-12 18:02:05
OpenSea,项目经理,,,8816.7-1万,,,,https://www.levels.fyi/zh-cn/companies/opensea/salaries/project-manager,2026-03-12 18:02:10
OpenSea,招聘专员,,,1.6万-1.9万,,,,https://www.levels.fyi/zh-cn/companies/opensea/salaries/recruiter,2026-03-12 18:02:16
OpenSea,技术项目经理,,,9400-1.1万,,,,https://www.levels.fyi/zh-cn/companies/opensea/salaries/technical-program-manager,2026-03-12 18:02:21
OpenSea,信任与安全,,,9858.3-1.2万,,,,https://www.levels.fyi/zh-cn/companies/opensea/salaries/trust-and-safety,2026-03-12 18:02:26
Circle,招聘专员,United States,L3,1.4万,1万,1614.6,1510.4,https://www.levels.fyi/zh-cn/companies/circle/salaries/recruiter?country=254,2026-03-12 18:03:27
Circle,招聘专员,United States,L4,--,--,--,--,https://www.levels.fyi/zh-cn/companies/circle/salaries/recruiter?country=254,2026-03-12 18:03:27
Circle,招聘专员,United States,L5,--,--,--,--,https://www.levels.fyi/zh-cn/companies/circle/salaries/recruiter?country=254,2026-03-12 18:03:27
Circle,招聘专员,United States,L6,--,--,--,--,https://www.levels.fyi/zh-cn/companies/circle/salaries/recruiter?country=254,2026-03-12 18:03:27
Circle,招聘专员,United States,L7,--,--,--,--,https://www.levels.fyi/zh-cn/companies/circle/salaries/recruiter?country=254,2026-03-12 18:03:27
Circle,招聘专员,United States,L8,--,--,--,--,https://www.levels.fyi/zh-cn/companies/circle/salaries/recruiter?country=254,2026-03-12 18:03:27
Circle,软件工程经理,,,33万,,,,https://www.levels.fyi/zh-cn/companies/circle/salaries/software-engineering-manager,2026-03-12 18:03:39
Circle,数据分析师,,L3,--,--,--,--,https://www.levels.fyi/zh-cn/companies/circle/salaries/data-analyst,2026-03-12 18:03:45
Circle,数据分析师,,L4,2.4万,1.6万,5000,2437.5,https://www.levels.fyi/zh-cn/companies/circle/salaries/data-analyst,2026-03-12 18:03:45
Circle,数据分析师,,L5,--,--,--,--,https://www.levels.fyi/zh-cn/companies/circle/salaries/data-analyst,2026-03-12 18:03:45
Circle,数据分析师,,L6,--,--,--,--,https://www.levels.fyi/zh-cn/companies/circle/salaries/data-analyst,2026-03-12 18:03:45
Circle,数据分析师,,L7,--,--,--,--,https://www.levels.fyi/zh-cn/companies/circle/salaries/data-analyst,2026-03-12 18:03:45
Circle,数据分析师,,L8,--,--,--,--,https://www.levels.fyi/zh-cn/companies/circle/salaries/data-analyst,2026-03-12 18:03:45
Circle,数据分析师,,L9,--,--,--,--,https://www.levels.fyi/zh-cn/companies/circle/salaries/data-analyst,2026-03-12 18:03:45
Circle,数据分析师,,L10,--,--,--,--,https://www.levels.fyi/zh-cn/companies/circle/salaries/data-analyst,2026-03-12 18:03:45
Circle,产品经理,,L3,--,--,--,--,https://www.levels.fyi/zh-cn/companies/circle/salaries/product-manager,2026-03-12 18:03:54
Circle,产品经理,,L4,--,--,--,--,https://www.levels.fyi/zh-cn/companies/circle/salaries/product-manager,2026-03-12 18:03:54
Circle,产品经理,,L5,--,--,--,--,https://www.levels.fyi/zh-cn/companies/circle/salaries/product-manager,2026-03-12 18:03:54
Circle,产品经理,,L6,3.5万,1.9万,1.4万,2843.8,https://www.levels.fyi/zh-cn/companies/circle/salaries/product-manager,2026-03-12 18:03:54
Circle,产品经理,,L7,--,--,--,--,https://www.levels.fyi/zh-cn/companies/circle/salaries/product-manager,2026-03-12 18:03:54
Circle,产品经理,,L8,--,--,--,--,https://www.levels.fyi/zh-cn/companies/circle/salaries/product-manager,2026-03-12 18:03:54
Circle,产品经理,,L9,--,--,--,--,https://www.levels.fyi/zh-cn/companies/circle/salaries/product-manager,2026-03-12 18:03:54
Circle,产品经理,,L10,--,--,--,--,https://www.levels.fyi/zh-cn/companies/circle/salaries/product-manager,2026-03-12 18:03:54
Circle,会计师,,,1.4万-1.7万,,,,https://www.levels.fyi/zh-cn/companies/circle/salaries/accountant,2026-03-12 18:04:02
Circle,业务拓展,,,5.8万-6.8万,,,,https://www.levels.fyi/zh-cn/companies/circle/salaries/business-development,2026-03-12 18:04:07
Circle,企业发展,,,1.5万-1.7万,,,,https://www.levels.fyi/zh-cn/companies/circle/salaries/corp-dev,2026-03-12 18:04:13
Circle,数据科学经理,,,7441.7-8470.8,,,,https://www.levels.fyi/zh-cn/companies/circle/salaries/data-science-manager,2026-03-12 18:04:18
Circle,数据科学家,,,26万,,,,https://www.levels.fyi/zh-cn/companies/circle/salaries/data-scientist,2026-03-12 18:04:24
Circle,财务分析师,,,1.1万-1.2万,,,,https://www.levels.fyi/zh-cn/companies/circle/salaries/financial-analyst,2026-03-12 18:04:29
Circle,法务,,,2万-2.4万,,,,https://www.levels.fyi/zh-cn/companies/circle/salaries/legal,2026-03-12 18:04:34
Circle,市场营销,,,1.8万-2.1万,,,,https://www.levels.fyi/zh-cn/companies/circle/salaries/marketing,2026-03-12 18:04:40
Circle,项目群经理,,,2.4万-2.7万,,,,https://www.levels.fyi/zh-cn/companies/circle/salaries/program-manager,2026-03-12 18:04:45
Circle,项目经理,,,2.2万-2.6万,,,,https://www.levels.fyi/zh-cn/companies/circle/salaries/project-manager,2026-03-12 18:04:51
Circle,网络安全分析师,,,1.8万-2.2万,,,,https://www.levels.fyi/zh-cn/companies/circle/salaries/security-analyst,2026-03-12 18:04:55
Circle,解决方案架构师,,,1.5万-1.7万,,,,https://www.levels.fyi/zh-cn/companies/circle/salaries/solution-architect,2026-03-12 18:05:00
Circle,技术项目经理,,,2.7万-3.2万,,,,https://www.levels.fyi/zh-cn/companies/circle/salaries/technical-program-manager,2026-03-12 18:05:05
Circle,用户体验研究员,,,8.54万-9.99万,,,,https://www.levels.fyi/zh-cn/companies/circle/salaries/ux-researcher,2026-03-12 18:05:10
Circle,风险投资家,,,1万-1.2万,,,,https://www.levels.fyi/zh-cn/companies/circle/salaries/venture-capitalist,2026-03-12 18:05:15
Paxos,软件工程师,,L3(入门级),1.7万,1.5万,1242.3,208.3,https://www.levels.fyi/zh-cn/companies/paxos/salaries/software-engineer,2026-03-12 18:05:30
Paxos,软件工程师,,L4,1.8万,1.7万,750.4,0,https://www.levels.fyi/zh-cn/companies/paxos/salaries/software-engineer,2026-03-12 18:05:30
Paxos,软件工程师,,L5,2万,1.9万,569.4,0,https://www.levels.fyi/zh-cn/companies/paxos/salaries/software-engineer,2026-03-12 18:05:30
Paxos,软件工程师,,L6,2.5万,2.5万,704,0,https://www.levels.fyi/zh-cn/companies/paxos/salaries/software-engineer,2026-03-12 18:05:30
Paxos,软件工程师,,L7,--,--,--,--,https://www.levels.fyi/zh-cn/companies/paxos/salaries/software-engineer,2026-03-12 18:05:30
Paxos,软件工程师,,L8,--,--,--,--,https://www.levels.fyi/zh-cn/companies/paxos/salaries/software-engineer,2026-03-12 18:05:30
Paxos,产品经理,,L3,--,--,--,--,https://www.levels.fyi/zh-cn/companies/paxos/salaries/product-manager,2026-03-12 18:05:39
Paxos,产品经理,,L4,--,--,--,--,https://www.levels.fyi/zh-cn/companies/paxos/salaries/product-manager,2026-03-12 18:05:39
Paxos,产品经理,,L5,2.1万,2万,0,1458.3,https://www.levels.fyi/zh-cn/companies/paxos/salaries/product-manager,2026-03-12 18:05:39
Paxos,产品经理,,L6,--,--,--,--,https://www.levels.fyi/zh-cn/companies/paxos/salaries/product-manager,2026-03-12 18:05:39
Paxos,产品经理,,L7,--,--,--,--,https://www.levels.fyi/zh-cn/companies/paxos/salaries/product-manager,2026-03-12 18:05:39
Paxos,产品经理,,L8,--,--,--,--,https://www.levels.fyi/zh-cn/companies/paxos/salaries/product-manager,2026-03-12 18:05:39
Paxos,业务拓展,,,7500-8833.3,,,,https://www.levels.fyi/zh-cn/companies/paxos/salaries/business-development,2026-03-12 18:05:48
Paxos,数据分析师,,,1.3万-1.5万,,,,https://www.levels.fyi/zh-cn/companies/paxos/salaries/data-analyst,2026-03-12 18:05:55
Paxos,管理咨询顾问,,,1.3万-1.5万,,,,https://www.levels.fyi/zh-cn/companies/paxos/salaries/management-consultant,2026-03-12 18:05:59
Paxos,软件工程经理,,,3.7万-4.4万,,,,https://www.levels.fyi/zh-cn/companies/paxos/salaries/software-engineering-manager,2026-03-12 18:06:04
Fireblocks,业务拓展,,,7807.7-9080.7,,,,https://www.levels.fyi/zh-cn/companies/fireblocks/salaries/business-development,2026-03-12 18:07:35
Fireblocks,企业发展,,,1.5万-1.8万,,,,https://www.levels.fyi/zh-cn/companies/fireblocks/salaries/corp-dev,2026-03-12 18:07:41
Fireblocks,客户服务,,,8322.7-1万,,,,https://www.levels.fyi/zh-cn/companies/fireblocks/salaries/customer-service,2026-03-12 18:07:46
Fireblocks,客户服务运营,,,7285-8460,,,,https://www.levels.fyi/zh-cn/companies/fireblocks/salaries/customer-service-ops,2026-03-12 18:07:51
Fireblocks,数据分析师,,,5406.9-6368.1,,,,https://www.levels.fyi/zh-cn/companies/fireblocks/salaries/data-analyst,2026-03-12 18:07:58
Fireblocks,信息技术专员,,,1.5万-1.8万,,,,https://www.levels.fyi/zh-cn/companies/fireblocks/salaries/information-technologist,2026-03-12 18:08:03
Fireblocks,产品经理,,,8329.3-9747.1,,,,https://www.levels.fyi/zh-cn/companies/fireblocks/salaries/product-manager,2026-03-12 18:08:08
Fireblocks,项目经理,,,7079.3-8058.4,,,,https://www.levels.fyi/zh-cn/companies/fireblocks/salaries/project-manager,2026-03-12 18:08:13
Fireblocks,销售,,,2.1万-2.5万,,,,https://www.levels.fyi/zh-cn/companies/fireblocks/salaries/sales,2026-03-12 18:08:17
Fireblocks,销售工程师,,,2.1万-2.5万,,,,https://www.levels.fyi/zh-cn/companies/fireblocks/salaries/sales-engineer,2026-03-12 18:08:22
Fireblocks,网络安全分析师,,,1万-1.2万,,,,https://www.levels.fyi/zh-cn/companies/fireblocks/salaries/security-analyst,2026-03-12 18:08:26
Fireblocks,软件工程经理,,,1.9万-2.3万,,,,https://www.levels.fyi/zh-cn/companies/fireblocks/salaries/software-engineering-manager,2026-03-12 18:08:32
Anchorage Digital,软件工程师,,,23.5万,,,,https://www.levels.fyi/zh-cn/companies/anchorage-digital/salaries/software-engineer?country=254,2026-03-12 18:08:56
Anchorage Digital,软件工程师,,,23.5万,,,,https://www.levels.fyi/zh-cn/companies/anchorage-digital/salaries/software-engineer/locations/new-york-city-area?dma=501,2026-03-12 18:09:01
Anchorage Digital,业务分析师,,,1.2万-1.4万,,,,https://www.levels.fyi/zh-cn/companies/anchorage-digital/salaries/business-analyst,2026-03-12 18:09:11
Anchorage Digital,业务拓展,,,1万-1.2万,,,,https://www.levels.fyi/zh-cn/companies/anchorage-digital/salaries/business-development,2026-03-12 18:09:16
Anchorage Digital,产品设计师,,,1.3万-1.6万,,,,https://www.levels.fyi/zh-cn/companies/anchorage-digital/salaries/product-designer,2026-03-12 18:09:22
Anchorage Digital,产品经理,,,1.5万-1.8万,,,,https://www.levels.fyi/zh-cn/companies/anchorage-digital/salaries/product-manager,2026-03-12 18:09:27
Anchorage Digital,软件工程经理,,,7750-9000,,,,https://www.levels.fyi/zh-cn/companies/anchorage-digital/salaries/software-engineering-manager,2026-03-12 18:09:31
BitGo,软件工程师,,,5.9万,,,,https://www.levels.fyi/zh-cn/companies/bitgo/salaries/software-engineer?country=113,2026-03-12 18:09:54
BitGo,软件工程师,,,5.9万,,,,https://www.levels.fyi/zh-cn/companies/bitgo/salaries/software-engineer/locations/greater-bengaluru?dma=10062,2026-03-12 18:10:00
BitGo,软件工程师,,,21.3万,,,,https://www.levels.fyi/zh-cn/companies/bitgo/salaries/software-engineer/locations/united-states?country=254,2026-03-12 18:10:05
BitGo,软件工程师,,,22.5万,,,,https://www.levels.fyi/zh-cn/companies/bitgo/salaries/software-engineer/locations/new-york-city-area?dma=501,2026-03-12 18:10:10
BitGo,软件工程师,,,13万,,,,https://www.levels.fyi/zh-cn/companies/bitgo/salaries/software-engineer/locations/san-francisco-bay-area?dma=807,2026-03-12 18:10:15
BitGo,软件工程师,,,13.3万,,,,https://www.levels.fyi/zh-cn/companies/bitgo/salaries/software-engineer/locations/canada?country=43,2026-03-12 18:10:21
BitGo,软件工程师,,,13.3万,,,,https://www.levels.fyi/zh-cn/companies/bitgo/salaries/software-engineer/locations/greater-toronto-area?dma=950,2026-03-12 18:10:26
BitGo,产品经理,,,18.5万,,,,https://www.levels.fyi/zh-cn/companies/bitgo/salaries/product-manager?country=254,2026-03-12 18:10:47
BitGo,产品经理,,,16.5万,,,,https://www.levels.fyi/zh-cn/companies/bitgo/salaries/product-manager/locations/new-york-city-area?dma=501,2026-03-12 18:10:52
BitGo,业务运营经理,,,1.8万-2.1万,,,,https://www.levels.fyi/zh-cn/companies/bitgo/salaries/bizops-manager,2026-03-12 18:11:05
BitGo,客户服务,,,1万-1.2万,,,,https://www.levels.fyi/zh-cn/companies/bitgo/salaries/customer-service,2026-03-12 18:11:10
BitGo,客户成功,,,9000-1.1万,,,,https://www.levels.fyi/zh-cn/companies/bitgo/salaries/customer-success,2026-03-12 18:11:15
BitGo,地质工程师,,,9001.5-1.1万,,,,https://www.levels.fyi/zh-cn/companies/bitgo/salaries/geological-engineer,2026-03-12 18:11:56
BitGo,产品设计师,,,1.2万-1.3万,,,,https://www.levels.fyi/zh-cn/companies/bitgo/salaries/product-designer,2026-03-12 18:12:00
BitGo,招聘专员,India,,1060.5-1284.4,,,,https://www.levels.fyi/zh-cn/companies/bitgo/salaries/recruiter,2026-03-12 18:12:15
BitGo,招聘专员,India - Greater Bengaluru,,1060.5-1284.4,,,,https://www.levels.fyi/zh-cn/companies/bitgo/salaries/recruiter/locations/greater-bengaluru,2026-03-12 18:12:19
BitGo,软件工程经理,,,1.7万-2万,,,,https://www.levels.fyi/zh-cn/companies/bitgo/salaries/software-engineering-manager,2026-03-12 18:12:29
BitGo,解决方案架构师,,,8417.5-9990,,,,https://www.levels.fyi/zh-cn/companies/bitgo/salaries/solution-architect,2026-03-12 18:12:34
Ledger,人力资源,,,5483.5-6628.4,,,,https://www.levels.fyi/zh-cn/companies/ledger/salaries/human-resources,2026-03-12 18:13:25
Ledger,信息技术专员,,,6205.8-7217.6,,,,https://www.levels.fyi/zh-cn/companies/ledger/salaries/information-technologist,2026-03-12 18:13:30
Ledger,产品经理,,,8015.1-9512.5,,,,https://www.levels.fyi/zh-cn/companies/ledger/salaries/product-manager,2026-03-12 18:13:35
Ledger,销售,,,1.1万-1.4万,,,,https://www.levels.fyi/zh-cn/companies/ledger/salaries/sales,2026-03-12 18:13:40
Ledger,软件工程经理,,,1.5万-1.7万,,,,https://www.levels.fyi/zh-cn/companies/ledger/salaries/software-engineering-manager,2026-03-12 18:13:45
Alchemy,软件工程师,,,22.5万,,,,https://www.levels.fyi/zh-cn/companies/alchemy/salaries/software-engineer?country=254,2026-03-12 18:14:05
Alchemy,软件工程师,,,22.5万,,,,https://www.levels.fyi/zh-cn/companies/alchemy/salaries/software-engineer/locations/new-york-city-area?dma=501,2026-03-12 18:14:11
Alchemy,软件工程师,,,24万,,,,https://www.levels.fyi/zh-cn/companies/alchemy/salaries/software-engineer/locations/san-francisco-bay-area?dma=807,2026-03-12 18:14:16
Alchemy,数据分析师,,,4125-4858.3,,,,https://www.levels.fyi/zh-cn/companies/alchemy/salaries/data-analyst,2026-03-12 18:14:26
Alchemy,管理咨询顾问,,,9966.7-1.2万,,,,https://www.levels.fyi/zh-cn/companies/alchemy/salaries/management-consultant,2026-03-12 18:14:31
Alchemy,产品经理,,,1.6万-1.9万,,,,https://www.levels.fyi/zh-cn/companies/alchemy/salaries/product-manager,2026-03-12 18:14:36
Alchemy,招聘专员,,,1.4万-1.6万,,,,https://www.levels.fyi/zh-cn/companies/alchemy/salaries/recruiter,2026-03-12 18:14:42
Alchemy,软件工程经理,,,2.1万-2.4万,,,,https://www.levels.fyi/zh-cn/companies/alchemy/salaries/software-engineering-manager,2026-03-12 18:14:47
Alchemy,用户体验研究员,,,1.2万-1.3万,,,,https://www.levels.fyi/zh-cn/companies/alchemy/salaries/ux-researcher,2026-03-12 18:14:52
Dapper Labs,软件工程师,,,21.5万,,,,https://www.levels.fyi/zh-cn/companies/dapper-labs/salaries/software-engineer,2026-03-12 18:15:08
Dapper Labs,人力资源,,,2.6万-3.1万,,,,https://www.levels.fyi/zh-cn/companies/dapper-labs/salaries/human-resources,2026-03-12 18:15:12
Dapper Labs,市场营销,,,7780.4-9104.7,,,,https://www.levels.fyi/zh-cn/companies/dapper-labs/salaries/marketing,2026-03-12 18:15:17
Dapper Labs,软件工程经理,,,1.1万-1.3万,,,,https://www.levels.fyi/zh-cn/companies/dapper-labs/salaries/software-engineering-manager,2026-03-12 18:15:28
FalconX,人力资源,,,3040.3-3557.8,,,,https://www.levels.fyi/zh-cn/companies/falconx/salaries/human-resources,2026-03-12 18:17:05
FalconX,产品设计经理,,,1.6万-2万,,,,https://www.levels.fyi/zh-cn/companies/falconx/salaries/product-design-manager,2026-03-12 18:17:10
FalconX,产品经理,,,2.2万-2.5万,,,,https://www.levels.fyi/zh-cn/companies/falconx/salaries/product-manager,2026-03-12 18:17:14
Jane Street,软件工程师,United States,L1(入门级),3.1万,2.2万,958.3,7887.5,https://www.levels.fyi/zh-cn/companies/jane-street/salaries/software-engineer?country=254,2026-03-12 18:17:32
Jane Street,软件工程师,United States,L2,2.9万,2.1万,2566.7,5416.7,https://www.levels.fyi/zh-cn/companies/jane-street/salaries/software-engineer?country=254,2026-03-12 18:17:32
Jane Street,软件工程师,United States,L3,3.6万,2.2万,1878.3,1.3万,https://www.levels.fyi/zh-cn/companies/jane-street/salaries/software-engineer?country=254,2026-03-12 18:17:32
Jane Street,软件工程师,United States,L4,2.9万,2.3万,2125,4375,https://www.levels.fyi/zh-cn/companies/jane-street/salaries/software-engineer?country=254,2026-03-12 18:17:32
Jane Street,软件工程师,United States - New York City Area,L1(入门级),3.1万,2.2万,958.3,7887.5,https://www.levels.fyi/zh-cn/companies/jane-street/salaries/software-engineer/locations/new-york-city-area?dma=501,2026-03-12 18:17:38
Jane Street,软件工程师,United States - New York City Area,L2,2.9万,2.1万,2566.7,5416.7,https://www.levels.fyi/zh-cn/companies/jane-street/salaries/software-engineer/locations/new-york-city-area?dma=501,2026-03-12 18:17:38
Jane Street,软件工程师,United States - New York City Area,L3,3.6万,2.2万,1878.3,1.3万,https://www.levels.fyi/zh-cn/companies/jane-street/salaries/software-engineer/locations/new-york-city-area?dma=501,2026-03-12 18:17:38
Jane Street,软件工程师,United States - New York City Area,L4,2.9万,2.3万,2125,4375,https://www.levels.fyi/zh-cn/companies/jane-street/salaries/software-engineer/locations/new-york-city-area?dma=501,2026-03-12 18:17:38
Jane Street,软件工程师,United Kingdom,L1(入门级),2.7万,1.9万,153.2,7588.5,https://www.levels.fyi/zh-cn/companies/jane-street/salaries/software-engineer/locations/united-kingdom?country=253,2026-03-12 18:17:44
Jane Street,软件工程师,United Kingdom,L2,--,--,--,--,https://www.levels.fyi/zh-cn/companies/jane-street/salaries/software-engineer/locations/united-kingdom?country=253,2026-03-12 18:17:44
Jane Street,软件工程师,United Kingdom,L3,2万,1.5万,0,5628.3,https://www.levels.fyi/zh-cn/companies/jane-street/salaries/software-engineer/locations/united-kingdom?country=253,2026-03-12 18:17:44
Jane Street,软件工程师,United Kingdom,L4,--,--,--,--,https://www.levels.fyi/zh-cn/companies/jane-street/salaries/software-engineer/locations/united-kingdom?country=253,2026-03-12 18:17:44
Jane Street,软件工程师,United Kingdom - Greater London Area,L1(入门级),2.7万,1.9万,153.2,7588.5,https://www.levels.fyi/zh-cn/companies/jane-street/salaries/software-engineer/locations/london-metro-area?dma=10045,2026-03-12 18:17:49
Jane Street,软件工程师,United Kingdom - Greater London Area,L2,--,--,--,--,https://www.levels.fyi/zh-cn/companies/jane-street/salaries/software-engineer/locations/london-metro-area?dma=10045,2026-03-12 18:17:49
Jane Street,软件工程师,United Kingdom - Greater London Area,L3,2万,1.5万,0,5628.3,https://www.levels.fyi/zh-cn/companies/jane-street/salaries/software-engineer/locations/london-metro-area?dma=10045,2026-03-12 18:17:49
Jane Street,软件工程师,United Kingdom - Greater London Area,L4,--,--,--,--,https://www.levels.fyi/zh-cn/companies/jane-street/salaries/software-engineer/locations/london-metro-area?dma=10045,2026-03-12 18:17:49
Jane Street,数据科学家,United States,L1,2.3万,2万,0,3666.7,https://www.levels.fyi/zh-cn/companies/jane-street/salaries/data-scientist?country=254,2026-03-12 18:18:09
Jane Street,数据科学家,United States,L2,1.8万,1.8万,0,0,https://www.levels.fyi/zh-cn/companies/jane-street/salaries/data-scientist?country=254,2026-03-12 18:18:09
Jane Street,数据科学家,United States,L3,--,--,--,--,https://www.levels.fyi/zh-cn/companies/jane-street/salaries/data-scientist?country=254,2026-03-12 18:18:09
Jane Street,数据科学家,United States,L4,--,--,--,--,https://www.levels.fyi/zh-cn/companies/jane-street/salaries/data-scientist?country=254,2026-03-12 18:18:09
Jane Street,数据科学家,United States - New York City Area,L1,2.3万,2万,0,3666.7,https://www.levels.fyi/zh-cn/companies/jane-street/salaries/data-scientist/locations/new-york-city-area?dma=501,2026-03-12 18:18:15
Jane Street,数据科学家,United States - New York City Area,L2,1.8万,1.8万,0,0,https://www.levels.fyi/zh-cn/companies/jane-street/salaries/data-scientist/locations/new-york-city-area?dma=501,2026-03-12 18:18:15
Jane Street,数据科学家,United States - New York City Area,L3,--,--,--,--,https://www.levels.fyi/zh-cn/companies/jane-street/salaries/data-scientist/locations/new-york-city-area?dma=501,2026-03-12 18:18:15
Jane Street,数据科学家,United States - New York City Area,L4,--,--,--,--,https://www.levels.fyi/zh-cn/companies/jane-street/salaries/data-scientist/locations/new-york-city-area?dma=501,2026-03-12 18:18:15
Jane Street,产品经理,,L1,--,--,--,--,https://www.levels.fyi/zh-cn/companies/jane-street/salaries/product-manager,2026-03-12 18:18:27
Jane Street,产品经理,,L2,--,--,--,--,https://www.levels.fyi/zh-cn/companies/jane-street/salaries/product-manager,2026-03-12 18:18:27
Jane Street,产品经理,,L3,3万,2.7万,0,3472.3,https://www.levels.fyi/zh-cn/companies/jane-street/salaries/product-manager,2026-03-12 18:18:27
Jane Street,产品经理,,L4,--,--,--,--,https://www.levels.fyi/zh-cn/companies/jane-street/salaries/product-manager,2026-03-12 18:18:27
Jane Street,信息技术专员,United States,L1,1.4万,1.2万,0,2552.1,https://www.levels.fyi/zh-cn/companies/jane-street/salaries/information-technologist?country=254,2026-03-12 18:18:42
Jane Street,信息技术专员,United States,L2,--,--,--,--,https://www.levels.fyi/zh-cn/companies/jane-street/salaries/information-technologist?country=254,2026-03-12 18:18:42
Jane Street,信息技术专员,United States,L3,--,--,--,--,https://www.levels.fyi/zh-cn/companies/jane-street/salaries/information-technologist?country=254,2026-03-12 18:18:42
Jane Street,信息技术专员,United States,L4,--,--,--,--,https://www.levels.fyi/zh-cn/companies/jane-street/salaries/information-technologist?country=254,2026-03-12 18:18:42
Jane Street,信息技术专员,United States - New York City Area,L1,1.4万,1.2万,0,2552.1,https://www.levels.fyi/zh-cn/companies/jane-street/salaries/information-technologist/locations/new-york-city-area?dma=501,2026-03-12 18:18:47
Jane Street,信息技术专员,United States - New York City Area,L2,--,--,--,--,https://www.levels.fyi/zh-cn/companies/jane-street/salaries/information-technologist/locations/new-york-city-area?dma=501,2026-03-12 18:18:47
Jane Street,信息技术专员,United States - New York City Area,L3,--,--,--,--,https://www.levels.fyi/zh-cn/companies/jane-street/salaries/information-technologist/locations/new-york-city-area?dma=501,2026-03-12 18:18:47
Jane Street,信息技术专员,United States - New York City Area,L4,--,--,--,--,https://www.levels.fyi/zh-cn/companies/jane-street/salaries/information-technologist/locations/new-york-city-area?dma=501,2026-03-12 18:18:47
Jane Street,业务分析师,,,17.5万,,,,https://www.levels.fyi/zh-cn/companies/jane-street/salaries/business-analyst,2026-03-12 18:18:59
Jane Street,财务分析师,,L1,2.3万,2.3万,0,104.2,https://www.levels.fyi/zh-cn/companies/jane-street/salaries/financial-analyst,2026-03-12 18:19:04
Jane Street,财务分析师,,L2,--,--,--,--,https://www.levels.fyi/zh-cn/companies/jane-street/salaries/financial-analyst,2026-03-12 18:19:04
Jane Street,财务分析师,,L3,--,--,--,--,https://www.levels.fyi/zh-cn/companies/jane-street/salaries/financial-analyst,2026-03-12 18:19:04
Jane Street,财务分析师,,L4,--,--,--,--,https://www.levels.fyi/zh-cn/companies/jane-street/salaries/financial-analyst,2026-03-12 18:19:04
Jane Street,会计师,,L1,9552.1,8666.7,0,885.4,https://www.levels.fyi/zh-cn/companies/jane-street/salaries/accountant,2026-03-12 18:19:10
Jane Street,会计师,,L2,--,--,--,--,https://www.levels.fyi/zh-cn/companies/jane-street/salaries/accountant,2026-03-12 18:19:10
Jane Street,会计师,,L3,--,--,--,--,https://www.levels.fyi/zh-cn/companies/jane-street/salaries/accountant,2026-03-12 18:19:10
Jane Street,会计师,,L4,--,--,--,--,https://www.levels.fyi/zh-cn/companies/jane-street/salaries/accountant,2026-03-12 18:19:10
Jane Street,业务运营,,,8956.8-1万,,,,https://www.levels.fyi/zh-cn/companies/jane-street/salaries/biz-ops,2026-03-12 18:19:16
Jane Street,硬件工程师,,,2.6万-3.2万,,,,https://www.levels.fyi/zh-cn/companies/jane-street/salaries/hardware-engineer,2026-03-12 18:19:21
Jane Street,投资银行家,,,2.3万-2.8万,,,,https://www.levels.fyi/zh-cn/companies/jane-street/salaries/investment-banker,2026-03-12 18:19:26
Jane Street,产品设计师,,,7598.5-9185,,,,https://www.levels.fyi/zh-cn/companies/jane-street/salaries/product-designer,2026-03-12 18:19:32
Jane Street,项目经理,,,1.8万-2.1万,,,,https://www.levels.fyi/zh-cn/companies/jane-street/salaries/project-manager,2026-03-12 18:19:37
Jane Street,招聘专员,,,7666.7-9083.3,,,,https://www.levels.fyi/zh-cn/companies/jane-street/salaries/recruiter,2026-03-12 18:19:42
Jane Street,网络安全分析师,,L1,2.8万,2.1万,0,7416.7,https://www.levels.fyi/zh-cn/companies/jane-street/salaries/security-analyst,2026-03-12 18:19:46
Jane Street,网络安全分析师,,L2,--,--,--,--,https://www.levels.fyi/zh-cn/companies/jane-street/salaries/security-analyst,2026-03-12 18:19:46
Jane Street,网络安全分析师,,L3,--,--,--,--,https://www.levels.fyi/zh-cn/companies/jane-street/salaries/security-analyst,2026-03-12 18:19:46
Jane Street,网络安全分析师,,L4,--,--,--,--,https://www.levels.fyi/zh-cn/companies/jane-street/salaries/security-analyst,2026-03-12 18:19:46
Jane Street,网络安全分析师,,,2.8万-3.3万,,,,https://www.levels.fyi/zh-cn/companies/jane-street/salaries/security-analyst,2026-03-12 18:19:48
Jane Street,解决方案架构师,,,1.7万-2万,,,,https://www.levels.fyi/zh-cn/companies/jane-street/salaries/solution-architect,2026-03-12 18:19:54
Hudson River Trading,软件工程师,United States,L1Junior Software Engineer(入门级),3.4万,1.8万,595.3,1.5万,https://www.levels.fyi/zh-cn/companies/hudson-river-trading/salaries/software-engineer?country=254,2026-03-12 18:20:19
Hudson River Trading,软件工程师,United States,L2Software Engineer,4.5万,1.7万,1401.5,2.6万,https://www.levels.fyi/zh-cn/companies/hudson-river-trading/salaries/software-engineer?country=254,2026-03-12 18:20:19
Hudson River Trading,软件工程师,United States,L3Senior Software Engineer,4.5万,2万,578.7,2.4万,https://www.levels.fyi/zh-cn/companies/hudson-river-trading/salaries/software-engineer?country=254,2026-03-12 18:20:19
Hudson River Trading,软件工程师,United States - New York City Area,L1Junior Software Engineer(入门级),3.4万,1.8万,595.3,1.5万,https://www.levels.fyi/zh-cn/companies/hudson-river-trading/salaries/software-engineer/locations/new-york-city-area?dma=501,2026-03-12 18:20:25
Hudson River Trading,软件工程师,United States - New York City Area,L2Software Engineer,4.7万,1.7万,1041.7,2.9万,https://www.levels.fyi/zh-cn/companies/hudson-river-trading/salaries/software-engineer/locations/new-york-city-area?dma=501,2026-03-12 18:20:25
Hudson River Trading,软件工程师,United States - New York City Area,L3Senior Software Engineer,4.5万,2万,578.7,2.4万,https://www.levels.fyi/zh-cn/companies/hudson-river-trading/salaries/software-engineer/locations/new-york-city-area?dma=501,2026-03-12 18:20:25
Hudson River Trading,软件工程师,Singapore,L1Junior Software Engineer(入门级),2.9万,1.6万,0,1.4万,https://www.levels.fyi/zh-cn/companies/hudson-river-trading/salaries/software-engineer/locations/singapore?country=219,2026-03-12 18:20:30
Hudson River Trading,软件工程师,Singapore,L2Software Engineer,3.7万,1.5万,0,2.2万,https://www.levels.fyi/zh-cn/companies/hudson-river-trading/salaries/software-engineer/locations/singapore?country=219,2026-03-12 18:20:30
Hudson River Trading,软件工程师,Singapore,L3Senior Software Engineer,--,--,--,--,https://www.levels.fyi/zh-cn/companies/hudson-river-trading/salaries/software-engineer/locations/singapore?country=219,2026-03-12 18:20:30
Hudson River Trading,招聘专员,,L1Junior Recruiter,1.2万,8125,0,4166.7,https://www.levels.fyi/zh-cn/companies/hudson-river-trading/salaries/recruiter,2026-03-12 18:21:25
Hudson River Trading,招聘专员,,L2Recruiter,--,--,--,--,https://www.levels.fyi/zh-cn/companies/hudson-river-trading/salaries/recruiter,2026-03-12 18:21:25
Hudson River Trading,招聘专员,,L3Senior Recruiter,--,--,--,--,https://www.levels.fyi/zh-cn/companies/hudson-river-trading/salaries/recruiter,2026-03-12 18:21:25
Hudson River Trading,会计师,,,1.2万-1.4万,,,,https://www.levels.fyi/zh-cn/companies/hudson-river-trading/salaries/accountant,2026-03-12 18:21:32
Hudson River Trading,数据科学家,,,2万-2.4万,,,,https://www.levels.fyi/zh-cn/companies/hudson-river-trading/salaries/data-scientist,2026-03-12 18:21:37
Hudson River Trading,人力资源,,,9375-1.1万,,,,https://www.levels.fyi/zh-cn/companies/hudson-river-trading/salaries/human-resources,2026-03-12 18:21:42
Hudson River Trading,信息技术专员,,,1.2万-1.4万,,,,https://www.levels.fyi/zh-cn/companies/hudson-river-trading/salaries/information-technologist,2026-03-12 18:21:47
Hudson River Trading,投资银行家,,,1.9万-2.3万,,,,https://www.levels.fyi/zh-cn/companies/hudson-river-trading/salaries/investment-banker,2026-03-12 18:21:51
Hudson River Trading,销售工程师,,,7440-8480,,,,https://www.levels.fyi/zh-cn/companies/hudson-river-trading/salaries/sales-engineer,2026-03-12 18:21:57
Aave,产品设计师,,,1719.2-2011.8,,,,https://www.levels.fyi/zh-cn/companies/aave/salaries/product-designer,2026-03-12 18:22:35
Compound,软件工程师,,,1.9万-2.2万,,,,https://www.levels.fyi/zh-cn/companies/compound/salaries/software-engineer,2026-03-12 18:22:47
dYdX,软件工程师,,,34.5万,,,,https://www.levels.fyi/zh-cn/companies/dydx/salaries/software-engineer,2026-03-12 18:23:02
Yuga Labs,软件工程师,,,24万,,,,https://www.levels.fyi/zh-cn/companies/yuga-labs/salaries/software-engineer,2026-03-12 18:23:17
Yuga Labs,项目经理,,,1.4万-1.7万,,,,https://www.levels.fyi/zh-cn/companies/yuga-labs/salaries/project-manager,2026-03-12 18:23:22
Block,软件工程师,United States,Level 3(入门级),1.3万,1万,2933.9,306.8,https://www.levels.fyi/zh-cn/companies/block/salaries/software-engineer?country=254,2026-03-12 18:23:41
Block,软件工程师,United States,Level 4,1.9万,1.4万,5131.5,39.1,https://www.levels.fyi/zh-cn/companies/block/salaries/software-engineer?country=254,2026-03-12 18:23:41
Block,软件工程师,United States,Level 5,2.3万,1.6万,7882.3,0,https://www.levels.fyi/zh-cn/companies/block/salaries/software-engineer?country=254,2026-03-12 18:23:41
Block,软件工程师,United States,Level 6,3.4万,2万,1.4万,142,https://www.levels.fyi/zh-cn/companies/block/salaries/software-engineer?country=254,2026-03-12 18:23:41
Block,软件工程师,United States,Level 7,5.3万,2.6万,2.7万,0,https://www.levels.fyi/zh-cn/companies/block/salaries/software-engineer?country=254,2026-03-12 18:23:41
Block,软件工程师,United States,Level 8,--,--,--,--,https://www.levels.fyi/zh-cn/companies/block/salaries/software-engineer?country=254,2026-03-12 18:23:41
Block,软件工程师,United States,Level 9,--,--,--,--,https://www.levels.fyi/zh-cn/companies/block/salaries/software-engineer?country=254,2026-03-12 18:23:41
Block,软件工程师,United States - San Francisco Bay Area,Level 3(入门级),1.4万,1万,3032.6,359.2,https://www.levels.fyi/zh-cn/companies/block/salaries/software-engineer/locations/san-francisco-bay-area?dma=807,2026-03-12 18:23:45
Block,软件工程师,United States - San Francisco Bay Area,Level 4,2万,1.4万,6020.8,20.8,https://www.levels.fyi/zh-cn/companies/block/salaries/software-engineer/locations/san-francisco-bay-area?dma=807,2026-03-12 18:23:45
Block,软件工程师,United States - San Francisco Bay Area,Level 5,2.7万,1.7万,9898.9,46.3,https://www.levels.fyi/zh-cn/companies/block/salaries/software-engineer/locations/san-francisco-bay-area?dma=807,2026-03-12 18:23:45
Block,软件工程师,United States - San Francisco Bay Area,Level 6,3.5万,2.2万,1.3万,208.3,https://www.levels.fyi/zh-cn/companies/block/salaries/software-engineer/locations/san-francisco-bay-area?dma=807,2026-03-12 18:23:45
Block,软件工程师,United States - San Francisco Bay Area,Level 7,5.1万,2.5万,2.7万,65.1,https://www.levels.fyi/zh-cn/companies/block/salaries/software-engineer/locations/san-francisco-bay-area?dma=807,2026-03-12 18:23:45
Block,软件工程师,United States - San Francisco Bay Area,Level 8,--,--,--,--,https://www.levels.fyi/zh-cn/companies/block/salaries/software-engineer/locations/san-francisco-bay-area?dma=807,2026-03-12 18:23:45
Block,软件工程师,United States - San Francisco Bay Area,Level 9,--,--,--,--,https://www.levels.fyi/zh-cn/companies/block/salaries/software-engineer/locations/san-francisco-bay-area?dma=807,2026-03-12 18:23:45
Block,软件工程师,United States - New York City Area,Level 3(入门级),1.4万,1.1万,2998.8,303,https://www.levels.fyi/zh-cn/companies/block/salaries/software-engineer/locations/new-york-city-area?dma=501,2026-03-12 18:23:50
Block,软件工程师,United States - New York City Area,Level 4,2万,1.3万,6329.3,180,https://www.levels.fyi/zh-cn/companies/block/salaries/software-engineer/locations/new-york-city-area?dma=501,2026-03-12 18:23:50
Block,软件工程师,United States - New York City Area,Level 5,2.7万,1.7万,9474,130.2,https://www.levels.fyi/zh-cn/companies/block/salaries/software-engineer/locations/new-york-city-area?dma=501,2026-03-12 18:23:50
Block,软件工程师,United States - New York City Area,Level 6,3.8万,2.1万,1.7万,200,https://www.levels.fyi/zh-cn/companies/block/salaries/software-engineer/locations/new-york-city-area?dma=501,2026-03-12 18:23:50
Block,软件工程师,United States - New York City Area,Level 7,5.2万,2.5万,2.7万,104.2,https://www.levels.fyi/zh-cn/companies/block/salaries/software-engineer/locations/new-york-city-area?dma=501,2026-03-12 18:23:50
Block,软件工程师,United States - New York City Area,Level 8,--,--,--,--,https://www.levels.fyi/zh-cn/companies/block/salaries/software-engineer/locations/new-york-city-area?dma=501,2026-03-12 18:23:50
Block,软件工程师,United States - New York City Area,Level 9,--,--,--,--,https://www.levels.fyi/zh-cn/companies/block/salaries/software-engineer/locations/new-york-city-area?dma=501,2026-03-12 18:23:50
Block,软件工程师,United States - Greater Seattle Area,Level 3(入门级),1.4万,1万,3619.8,208.3,https://www.levels.fyi/zh-cn/companies/block/salaries/software-engineer/locations/greater-seattle-area?dma=819,2026-03-12 18:23:55
Block,软件工程师,United States - Greater Seattle Area,Level 4,2.1万,1.4万,6898.1,169.3,https://www.levels.fyi/zh-cn/companies/block/salaries/software-engineer/locations/greater-seattle-area?dma=819,2026-03-12 18:23:55
Block,软件工程师,United States - Greater Seattle Area,Level 5,2.9万,1.8万,1.2万,45.8,https://www.levels.fyi/zh-cn/companies/block/salaries/software-engineer/locations/greater-seattle-area?dma=819,2026-03-12 18:23:55
Block,软件工程师,United States - Greater Seattle Area,Level 6,3.7万,2.1万,1.6万,0,https://www.levels.fyi/zh-cn/companies/block/salaries/software-engineer/locations/greater-seattle-area?dma=819,2026-03-12 18:23:55
Block,软件工程师,United States - Greater Seattle Area,Level 7,5.2万,2.4万,2.9万,0,https://www.levels.fyi/zh-cn/companies/block/salaries/software-engineer/locations/greater-seattle-area?dma=819,2026-03-12 18:23:55
Block,软件工程师,United States - Greater Seattle Area,Level 8,--,--,--,--,https://www.levels.fyi/zh-cn/companies/block/salaries/software-engineer/locations/greater-seattle-area?dma=819,2026-03-12 18:23:55
Block,软件工程师,United States - Greater Seattle Area,Level 9,--,--,--,--,https://www.levels.fyi/zh-cn/companies/block/salaries/software-engineer/locations/greater-seattle-area?dma=819,2026-03-12 18:23:55
Block,软件工程师,United States - Greater Los Angeles Area,Level 3(入门级),1.4万,1.1万,2916.7,0,https://www.levels.fyi/zh-cn/companies/block/salaries/software-engineer/locations/greater-los-angeles-area?dma=803,2026-03-12 18:24:00
Block,软件工程师,United States - Greater Los Angeles Area,Level 4,1.6万,1.1万,4313,0,https://www.levels.fyi/zh-cn/companies/block/salaries/software-engineer/locations/greater-los-angeles-area?dma=803,2026-03-12 18:24:00
Block,软件工程师,United States - Greater Los Angeles Area,Level 5,2.1万,1.6万,5178.6,0,https://www.levels.fyi/zh-cn/companies/block/salaries/software-engineer/locations/greater-los-angeles-area?dma=803,2026-03-12 18:24:00
Block,软件工程师,United States - Greater Los Angeles Area,Level 6,3.2万,1.8万,1.3万,270.8,https://www.levels.fyi/zh-cn/companies/block/salaries/software-engineer/locations/greater-los-angeles-area?dma=803,2026-03-12 18:24:00
Block,软件工程师,United States - Greater Los Angeles Area,Level 7,5.8万,2.5万,3.3万,0,https://www.levels.fyi/zh-cn/companies/block/salaries/software-engineer/locations/greater-los-angeles-area?dma=803,2026-03-12 18:24:00
Block,软件工程师,United States - Greater Los Angeles Area,Level 8,--,--,--,--,https://www.levels.fyi/zh-cn/companies/block/salaries/software-engineer/locations/greater-los-angeles-area?dma=803,2026-03-12 18:24:00
Block,软件工程师,United States - Greater Los Angeles Area,Level 9,--,--,--,--,https://www.levels.fyi/zh-cn/companies/block/salaries/software-engineer/locations/greater-los-angeles-area?dma=803,2026-03-12 18:24:00
Block,软件工程师,Canada,Level 3(入门级),8443.3,7146.4,1195.8,101.1,https://www.levels.fyi/zh-cn/companies/block/salaries/software-engineer/locations/canada?country=43,2026-03-12 18:24:05
Block,软件工程师,Canada,Level 4,1.2万,8415.4,3592.6,0,https://www.levels.fyi/zh-cn/companies/block/salaries/software-engineer/locations/canada?country=43,2026-03-12 18:24:05
Block,软件工程师,Canada,Level 5,1.8万,1万,7165.5,0,https://www.levels.fyi/zh-cn/companies/block/salaries/software-engineer/locations/canada?country=43,2026-03-12 18:24:05
Block,软件工程师,Canada,Level 6,2.1万,1.2万,9121.8,0,https://www.levels.fyi/zh-cn/companies/block/salaries/software-engineer/locations/canada?country=43,2026-03-12 18:24:05
Block,软件工程师,Canada,Level 7,2.6万,1.4万,1.1万,0,https://www.levels.fyi/zh-cn/companies/block/salaries/software-engineer/locations/canada?country=43,2026-03-12 18:24:05
Block,软件工程师,Canada,Level 8,--,--,--,--,https://www.levels.fyi/zh-cn/companies/block/salaries/software-engineer/locations/canada?country=43,2026-03-12 18:24:05
Block,软件工程师,Canada,Level 9,--,--,--,--,https://www.levels.fyi/zh-cn/companies/block/salaries/software-engineer/locations/canada?country=43,2026-03-12 18:24:05
Block,软件工程师,Canada - Greater Toronto Area,Level 3(入门级),8321.1,7197.6,1075.4,48.1,https://www.levels.fyi/zh-cn/companies/block/salaries/software-engineer/locations/greater-toronto-area?dma=950,2026-03-12 18:24:10
Block,软件工程师,Canada - Greater Toronto Area,Level 4,1.1万,8342.4,3074.4,48.5,https://www.levels.fyi/zh-cn/companies/block/salaries/software-engineer/locations/greater-toronto-area?dma=950,2026-03-12 18:24:10
Block,软件工程师,Canada - Greater Toronto Area,Level 5,1.8万,1.1万,7508.3,0,https://www.levels.fyi/zh-cn/companies/block/salaries/software-engineer/locations/greater-toronto-area?dma=950,2026-03-12 18:24:10
Block,软件工程师,Canada - Greater Toronto Area,Level 6,2万,1.2万,8369.3,0,https://www.levels.fyi/zh-cn/companies/block/salaries/software-engineer/locations/greater-toronto-area?dma=950,2026-03-12 18:24:10
Block,软件工程师,Canada - Greater Toronto Area,Level 7,2.6万,1.4万,1.1万,0,https://www.levels.fyi/zh-cn/companies/block/salaries/software-engineer/locations/greater-toronto-area?dma=950,2026-03-12 18:24:10
Block,软件工程师,Canada - Greater Toronto Area,Level 8,--,--,--,--,https://www.levels.fyi/zh-cn/companies/block/salaries/software-engineer/locations/greater-toronto-area?dma=950,2026-03-12 18:24:10
Block,软件工程师,Canada - Greater Toronto Area,Level 9,--,--,--,--,https://www.levels.fyi/zh-cn/companies/block/salaries/software-engineer/locations/greater-toronto-area?dma=950,2026-03-12 18:24:10
Block,软件工程师,Canada - Greater Vancouver,Level 3(入门级),--,--,--,--,https://www.levels.fyi/zh-cn/companies/block/salaries/software-engineer/locations/greater-vancouver?dma=984,2026-03-12 18:24:15
Block,软件工程师,Canada - Greater Vancouver,Level 4,1.2万,8623.4,3078.3,18.2,https://www.levels.fyi/zh-cn/companies/block/salaries/software-engineer/locations/greater-vancouver?dma=984,2026-03-12 18:24:15
Block,软件工程师,Canada - Greater Vancouver,Level 5,1.5万,1万,4186.3,175.6,https://www.levels.fyi/zh-cn/companies/block/salaries/software-engineer/locations/greater-vancouver?dma=984,2026-03-12 18:24:15
Block,软件工程师,Canada - Greater Vancouver,Level 6,2.4万,1.3万,1万,221.2,https://www.levels.fyi/zh-cn/companies/block/salaries/software-engineer/locations/greater-vancouver?dma=984,2026-03-12 18:24:15
Block,软件工程师,Canada - Greater Vancouver,Level 7,--,--,--,--,https://www.levels.fyi/zh-cn/companies/block/salaries/software-engineer/locations/greater-vancouver?dma=984,2026-03-12 18:24:15
Block,软件工程师,Canada - Greater Vancouver,Level 8,--,--,--,--,https://www.levels.fyi/zh-cn/companies/block/salaries/software-engineer/locations/greater-vancouver?dma=984,2026-03-12 18:24:15
Block,软件工程师,Canada - Greater Vancouver,Level 9,--,--,--,--,https://www.levels.fyi/zh-cn/companies/block/salaries/software-engineer/locations/greater-vancouver?dma=984,2026-03-12 18:24:15
Block,软件工程师,Canada - Greater Montreal,Level 3(入门级),--,--,--,--,https://www.levels.fyi/zh-cn/companies/block/salaries/software-engineer/locations/greater-montreal?dma=921,2026-03-12 18:24:21
Block,软件工程师,Canada - Greater Montreal,Level 4,--,--,--,--,https://www.levels.fyi/zh-cn/companies/block/salaries/software-engineer/locations/greater-montreal?dma=921,2026-03-12 18:24:21
Block,软件工程师,Canada - Greater Montreal,Level 5,1.3万,9206.4,3607.5,0,https://www.levels.fyi/zh-cn/companies/block/salaries/software-engineer/locations/greater-montreal?dma=921,2026-03-12 18:24:21
Block,软件工程师,Canada - Greater Montreal,Level 6,2.4万,1.3万,1.1万,0,https://www.levels.fyi/zh-cn/companies/block/salaries/software-engineer/locations/greater-montreal?dma=921,2026-03-12 18:24:21
Block,软件工程师,Canada - Greater Montreal,Level 7,--,--,--,--,https://www.levels.fyi/zh-cn/companies/block/salaries/software-engineer/locations/greater-montreal?dma=921,2026-03-12 18:24:21
Block,软件工程师,Canada - Greater Montreal,Level 8,--,--,--,--,https://www.levels.fyi/zh-cn/companies/block/salaries/software-engineer/locations/greater-montreal?dma=921,2026-03-12 18:24:21
Block,软件工程师,Canada - Greater Montreal,Level 9,--,--,--,--,https://www.levels.fyi/zh-cn/companies/block/salaries/software-engineer/locations/greater-montreal?dma=921,2026-03-12 18:24:21
Block,软件工程师,Australia,Level 3(入门级),--,--,--,--,https://www.levels.fyi/zh-cn/companies/block/salaries/software-engineer/locations/australia?country=14,2026-03-12 18:24:26
Block,软件工程师,Australia,Level 4,9591.8,6563.3,3028.4,0,https://www.levels.fyi/zh-cn/companies/block/salaries/software-engineer/locations/australia?country=14,2026-03-12 18:24:26
Block,软件工程师,Australia,Level 5,1.3万,8946.7,4187.6,0,https://www.levels.fyi/zh-cn/companies/block/salaries/software-engineer/locations/australia?country=14,2026-03-12 18:24:26
Block,软件工程师,Australia,Level 6,1.9万,1.1万,7498.3,0,https://www.levels.fyi/zh-cn/companies/block/salaries/software-engineer/locations/australia?country=14,2026-03-12 18:24:26
Block,软件工程师,Australia,Level 7,2.3万,1.3万,9795.1,411.4,https://www.levels.fyi/zh-cn/companies/block/salaries/software-engineer/locations/australia?country=14,2026-03-12 18:24:26
Block,软件工程师,Australia,Level 8,--,--,--,--,https://www.levels.fyi/zh-cn/companies/block/salaries/software-engineer/locations/australia?country=14,2026-03-12 18:24:26
Block,软件工程师,Australia,Level 9,--,--,--,--,https://www.levels.fyi/zh-cn/companies/block/salaries/software-engineer/locations/australia?country=14,2026-03-12 18:24:26
Block,软件工程师,Australia - Greater Melbourne Area,Level 3(入门级),--,--,--,--,https://www.levels.fyi/zh-cn/companies/block/salaries/software-engineer/locations/greater-melbourne-area?dma=10046,2026-03-12 18:24:31
Block,软件工程师,Australia - Greater Melbourne Area,Level 4,9909.2,6630.6,3278.6,0,https://www.levels.fyi/zh-cn/companies/block/salaries/software-engineer/locations/greater-melbourne-area?dma=10046,2026-03-12 18:24:31
Block,软件工程师,Australia - Greater Melbourne Area,Level 5,1.3万,9014.8,4360.2,0,https://www.levels.fyi/zh-cn/companies/block/salaries/software-engineer/locations/greater-melbourne-area?dma=10046,2026-03-12 18:24:31
Block,软件工程师,Australia - Greater Melbourne Area,Level 6,1.9万,1.1万,7498.3,0,https://www.levels.fyi/zh-cn/companies/block/salaries/software-engineer/locations/greater-melbourne-area?dma=10046,2026-03-12 18:24:31
Block,软件工程师,Australia - Greater Melbourne Area,Level 7,2.3万,1.3万,9795.1,411.4,https://www.levels.fyi/zh-cn/companies/block/salaries/software-engineer/locations/greater-melbourne-area?dma=10046,2026-03-12 18:24:31
Block,软件工程师,Australia - Greater Melbourne Area,Level 8,--,--,--,--,https://www.levels.fyi/zh-cn/companies/block/salaries/software-engineer/locations/greater-melbourne-area?dma=10046,2026-03-12 18:24:31
Block,软件工程师,Australia - Greater Melbourne Area,Level 9,--,--,--,--,https://www.levels.fyi/zh-cn/companies/block/salaries/software-engineer/locations/greater-melbourne-area?dma=10046,2026-03-12 18:24:31
Block,软件工程师,Mexico,Level 3(入门级),--,--,--,--,https://www.levels.fyi/zh-cn/companies/block/salaries/software-engineer/locations/mexico?country=159,2026-03-12 18:24:36
Block,软件工程师,Mexico,Level 4,8794.1,5487.5,2544.8,761.8,https://www.levels.fyi/zh-cn/companies/block/salaries/software-engineer/locations/mexico?country=159,2026-03-12 18:24:36
Block,软件工程师,Mexico,Level 5,--,--,--,--,https://www.levels.fyi/zh-cn/companies/block/salaries/software-engineer/locations/mexico?country=159,2026-03-12 18:24:36
Block,软件工程师,Mexico,Level 6,--,--,--,--,https://www.levels.fyi/zh-cn/companies/block/salaries/software-engineer/locations/mexico?country=159,2026-03-12 18:24:36
Block,软件工程师,Mexico,Level 7,--,--,--,--,https://www.levels.fyi/zh-cn/companies/block/salaries/software-engineer/locations/mexico?country=159,2026-03-12 18:24:36
Block,软件工程师,Mexico,Level 8,--,--,--,--,https://www.levels.fyi/zh-cn/companies/block/salaries/software-engineer/locations/mexico?country=159,2026-03-12 18:24:36
Block,软件工程师,Mexico,Level 9,--,--,--,--,https://www.levels.fyi/zh-cn/companies/block/salaries/software-engineer/locations/mexico?country=159,2026-03-12 18:24:36
Block,软件工程师,Netherlands,Level 3(入门级),--,--,--,--,https://www.levels.fyi/zh-cn/companies/block/salaries/software-engineer/locations/netherlands?country=175,2026-03-12 18:24:41
Block,软件工程师,Netherlands,Level 4,--,--,--,--,https://www.levels.fyi/zh-cn/companies/block/salaries/software-engineer/locations/netherlands?country=175,2026-03-12 18:24:41
Block,软件工程师,Netherlands,Level 5,1.5万,1.1万,4584.4,0,https://www.levels.fyi/zh-cn/companies/block/salaries/software-engineer/locations/netherlands?country=175,2026-03-12 18:24:41
Block,软件工程师,Netherlands,Level 6,--,--,--,--,https://www.levels.fyi/zh-cn/companies/block/salaries/software-engineer/locations/netherlands?country=175,2026-03-12 18:24:41
Block,软件工程师,Netherlands,Level 7,--,--,--,--,https://www.levels.fyi/zh-cn/companies/block/salaries/software-engineer/locations/netherlands?country=175,2026-03-12 18:24:41
Block,软件工程师,Netherlands,Level 8,--,--,--,--,https://www.levels.fyi/zh-cn/companies/block/salaries/software-engineer/locations/netherlands?country=175,2026-03-12 18:24:41
Block,软件工程师,Netherlands,Level 9,--,--,--,--,https://www.levels.fyi/zh-cn/companies/block/salaries/software-engineer/locations/netherlands?country=175,2026-03-12 18:24:41
Block,软件工程师,Netherlands - Greater Amsterdam Area,Level 3(入门级),--,--,--,--,https://www.levels.fyi/zh-cn/companies/block/salaries/software-engineer/locations/greater-amsterdam-area?dma=10026,2026-03-12 18:24:46
Block,软件工程师,Netherlands - Greater Amsterdam Area,Level 4,--,--,--,--,https://www.levels.fyi/zh-cn/companies/block/salaries/software-engineer/locations/greater-amsterdam-area?dma=10026,2026-03-12 18:24:46
Block,软件工程师,Netherlands - Greater Amsterdam Area,Level 5,1.5万,1.1万,4610.3,0,https://www.levels.fyi/zh-cn/companies/block/salaries/software-engineer/locations/greater-amsterdam-area?dma=10026,2026-03-12 18:24:46
Block,软件工程师,Netherlands - Greater Amsterdam Area,Level 6,--,--,--,--,https://www.levels.fyi/zh-cn/companies/block/salaries/software-engineer/locations/greater-amsterdam-area?dma=10026,2026-03-12 18:24:46
Block,软件工程师,Netherlands - Greater Amsterdam Area,Level 7,--,--,--,--,https://www.levels.fyi/zh-cn/companies/block/salaries/software-engineer/locations/greater-amsterdam-area?dma=10026,2026-03-12 18:24:46
Block,软件工程师,Netherlands - Greater Amsterdam Area,Level 8,--,--,--,--,https://www.levels.fyi/zh-cn/companies/block/salaries/software-engineer/locations/greater-amsterdam-area?dma=10026,2026-03-12 18:24:46
Block,软件工程师,Netherlands - Greater Amsterdam Area,Level 9,--,--,--,--,https://www.levels.fyi/zh-cn/companies/block/salaries/software-engineer/locations/greater-amsterdam-area?dma=10026,2026-03-12 18:24:46
Block,软件工程师,Moldova,Level 3(入门级),--,--,--,--,https://www.levels.fyi/zh-cn/companies/block/salaries/software-engineer/locations/moldova?country=163,2026-03-12 18:24:50
Block,软件工程师,Moldova,Level 4,--,--,--,--,https://www.levels.fyi/zh-cn/companies/block/salaries/software-engineer/locations/moldova?country=163,2026-03-12 18:24:50
Block,软件工程师,Moldova,Level 5,8443.6,5732.4,2711.2,0,https://www.levels.fyi/zh-cn/companies/block/salaries/software-engineer/locations/moldova?country=163,2026-03-12 18:24:50
Block,软件工程师,Moldova,Level 6,--,--,--,--,https://www.levels.fyi/zh-cn/companies/block/salaries/software-engineer/locations/moldova?country=163,2026-03-12 18:24:50
Block,软件工程师,Moldova,Level 7,--,--,--,--,https://www.levels.fyi/zh-cn/companies/block/salaries/software-engineer/locations/moldova?country=163,2026-03-12 18:24:50
Block,软件工程师,Moldova,Level 8,--,--,--,--,https://www.levels.fyi/zh-cn/companies/block/salaries/software-engineer/locations/moldova?country=163,2026-03-12 18:24:50
Block,软件工程师,Moldova,Level 9,--,--,--,--,https://www.levels.fyi/zh-cn/companies/block/salaries/software-engineer/locations/moldova?country=163,2026-03-12 18:24:50
Block,产品设计师,United States,Level 3,1.3万,1万,3055.6,0,https://www.levels.fyi/zh-cn/companies/block/salaries/product-designer?country=254,2026-03-12 18:25:11
Block,产品设计师,United States,Level 4,1.6万,1.2万,3333.3,256.9,https://www.levels.fyi/zh-cn/companies/block/salaries/product-designer?country=254,2026-03-12 18:25:11
Block,产品设计师,United States,Level 5,2万,1.5万,5842.8,0,https://www.levels.fyi/zh-cn/companies/block/salaries/product-designer?country=254,2026-03-12 18:25:11
Block,产品设计师,United States,Level 6,2.8万,1.8万,1万,28.4,https://www.levels.fyi/zh-cn/companies/block/salaries/product-designer?country=254,2026-03-12 18:25:11
Block,产品设计师,United States,Level 7,3.5万,2.3万,1.2万,208.3,https://www.levels.fyi/zh-cn/companies/block/salaries/product-designer?country=254,2026-03-12 18:25:11
Block,产品设计师,United States,Level 8,--,--,--,--,https://www.levels.fyi/zh-cn/companies/block/salaries/product-designer?country=254,2026-03-12 18:25:11
Block,产品设计师,United States - San Francisco Bay Area,Level 3,--,--,--,--,https://www.levels.fyi/zh-cn/companies/block/salaries/product-designer/locations/san-francisco-bay-area?dma=807,2026-03-12 18:25:15
Block,产品设计师,United States - San Francisco Bay Area,Level 4,1.5万,1.1万,4166.7,0,https://www.levels.fyi/zh-cn/companies/block/salaries/product-designer/locations/san-francisco-bay-area?dma=807,2026-03-12 18:25:15
Block,产品设计师,United States - San Francisco Bay Area,Level 5,2.3万,1.5万,7599,241.3,https://www.levels.fyi/zh-cn/companies/block/salaries/product-designer/locations/san-francisco-bay-area?dma=807,2026-03-12 18:25:15
Block,产品设计师,United States - San Francisco Bay Area,Level 6,2.9万,1.8万,1.1万,31.3,https://www.levels.fyi/zh-cn/companies/block/salaries/product-designer/locations/san-francisco-bay-area?dma=807,2026-03-12 18:25:15
Block,产品设计师,United States - San Francisco Bay Area,Level 7,3.8万,2.1万,1.7万,0,https://www.levels.fyi/zh-cn/companies/block/salaries/product-designer/locations/san-francisco-bay-area?dma=807,2026-03-12 18:25:15
Block,产品设计师,United States - San Francisco Bay Area,Level 8,--,--,--,--,https://www.levels.fyi/zh-cn/companies/block/salaries/product-designer/locations/san-francisco-bay-area?dma=807,2026-03-12 18:25:15
Block,产品设计师,United States - New York City Area,Level 3,1.3万,1万,3055.6,0,https://www.levels.fyi/zh-cn/companies/block/salaries/product-designer/locations/new-york-city-area?dma=501,2026-03-12 18:25:20
Block,产品设计师,United States - New York City Area,Level 4,1.6万,1.3万,3095.3,330.3,https://www.levels.fyi/zh-cn/companies/block/salaries/product-designer/locations/new-york-city-area?dma=501,2026-03-12 18:25:20
Block,产品设计师,United States - New York City Area,Level 5,2万,1.3万,6300,0,https://www.levels.fyi/zh-cn/companies/block/salaries/product-designer/locations/new-york-city-area?dma=501,2026-03-12 18:25:20
Block,产品设计师,United States - New York City Area,Level 6,2.9万,2万,9700,0,https://www.levels.fyi/zh-cn/companies/block/salaries/product-designer/locations/new-york-city-area?dma=501,2026-03-12 18:25:20
Block,产品设计师,United States - New York City Area,Level 7,3.2万,2.4万,7812.5,520.8,https://www.levels.fyi/zh-cn/companies/block/salaries/product-designer/locations/new-york-city-area?dma=501,2026-03-12 18:25:20
Block,产品设计师,United States - New York City Area,Level 8,--,--,--,--,https://www.levels.fyi/zh-cn/companies/block/salaries/product-designer/locations/new-york-city-area?dma=501,2026-03-12 18:25:20
Block,产品设计师,United States - Greater Los Angeles Area,Level 3,--,--,--,--,https://www.levels.fyi/zh-cn/companies/block/salaries/product-designer/locations/greater-los-angeles-area?dma=803,2026-03-12 18:25:25
Block,产品设计师,United States - Greater Los Angeles Area,Level 4,--,--,--,--,https://www.levels.fyi/zh-cn/companies/block/salaries/product-designer/locations/greater-los-angeles-area?dma=803,2026-03-12 18:25:25
Block,产品设计师,United States - Greater Los Angeles Area,Level 5,1.9万,1.5万,3854.2,52.1,https://www.levels.fyi/zh-cn/companies/block/salaries/product-designer/locations/greater-los-angeles-area?dma=803,2026-03-12 18:25:25
Block,产品设计师,United States - Greater Los Angeles Area,Level 6,3.2万,1.8万,1.3万,156.3,https://www.levels.fyi/zh-cn/companies/block/salaries/product-designer/locations/greater-los-angeles-area?dma=803,2026-03-12 18:25:25
Block,产品设计师,United States - Greater Los Angeles Area,Level 7,--,--,--,--,https://www.levels.fyi/zh-cn/companies/block/salaries/product-designer/locations/greater-los-angeles-area?dma=803,2026-03-12 18:25:25
Block,产品设计师,United States - Greater Los Angeles Area,Level 8,--,--,--,--,https://www.levels.fyi/zh-cn/companies/block/salaries/product-designer/locations/greater-los-angeles-area?dma=803,2026-03-12 18:25:25
Block,产品设计师,Canada,Level 3,--,--,--,--,https://www.levels.fyi/zh-cn/companies/block/salaries/product-designer/locations/canada?country=43,2026-03-12 18:25:30
Block,产品设计师,Canada,Level 4,--,--,--,--,https://www.levels.fyi/zh-cn/companies/block/salaries/product-designer/locations/canada?country=43,2026-03-12 18:25:30
Block,产品设计师,Canada,Level 5,1.1万,9501.9,1804.3,0,https://www.levels.fyi/zh-cn/companies/block/salaries/product-designer/locations/canada?country=43,2026-03-12 18:25:30
Block,产品设计师,Canada,Level 6,--,--,--,--,https://www.levels.fyi/zh-cn/companies/block/salaries/product-designer/locations/canada?country=43,2026-03-12 18:25:30
Block,产品设计师,Canada,Level 7,--,--,--,--,https://www.levels.fyi/zh-cn/companies/block/salaries/product-designer/locations/canada?country=43,2026-03-12 18:25:30
Block,产品设计师,Canada,Level 8,--,--,--,--,https://www.levels.fyi/zh-cn/companies/block/salaries/product-designer/locations/canada?country=43,2026-03-12 18:25:30
Block,产品设计师,Canada - Greater Toronto Area,Level 3,--,--,--,--,https://www.levels.fyi/zh-cn/companies/block/salaries/product-designer/locations/greater-toronto-area?dma=950,2026-03-12 18:25:35
Block,产品设计师,Canada - Greater Toronto Area,Level 4,--,--,--,--,https://www.levels.fyi/zh-cn/companies/block/salaries/product-designer/locations/greater-toronto-area?dma=950,2026-03-12 18:25:35
Block,产品设计师,Canada - Greater Toronto Area,Level 5,1.2万,9436.5,2405.8,0,https://www.levels.fyi/zh-cn/companies/block/salaries/product-designer/locations/greater-toronto-area?dma=950,2026-03-12 18:25:35
Block,产品设计师,Canada - Greater Toronto Area,Level 6,--,--,--,--,https://www.levels.fyi/zh-cn/companies/block/salaries/product-designer/locations/greater-toronto-area?dma=950,2026-03-12 18:25:35
Block,产品设计师,Canada - Greater Toronto Area,Level 7,--,--,--,--,https://www.levels.fyi/zh-cn/companies/block/salaries/product-designer/locations/greater-toronto-area?dma=950,2026-03-12 18:25:35
Block,产品设计师,Canada - Greater Toronto Area,Level 8,--,--,--,--,https://www.levels.fyi/zh-cn/companies/block/salaries/product-designer/locations/greater-toronto-area?dma=950,2026-03-12 18:25:35
Block,产品经理,United States,Level 3,--,--,--,--,https://www.levels.fyi/zh-cn/companies/block/salaries/product-manager?country=254,2026-03-12 18:25:55
Block,产品经理,United States,Level 4,1.9万,1.3万,6413.3,208.3,https://www.levels.fyi/zh-cn/companies/block/salaries/product-manager?country=254,2026-03-12 18:25:55
Block,产品经理,United States,Level 5,2.6万,1.6万,9510.4,48.1,https://www.levels.fyi/zh-cn/companies/block/salaries/product-manager?country=254,2026-03-12 18:25:55
Block,产品经理,United States,Level 6,3.3万,1.9万,1.4万,0,https://www.levels.fyi/zh-cn/companies/block/salaries/product-manager?country=254,2026-03-12 18:25:55
Block,产品经理,United States,Level 7,4.9万,2.3万,2.5万,34.8,https://www.levels.fyi/zh-cn/companies/block/salaries/product-manager?country=254,2026-03-12 18:25:55
Block,产品经理,United States,Level 8,5.9万,2.3万,3.5万,833.3,https://www.levels.fyi/zh-cn/companies/block/salaries/product-manager?country=254,2026-03-12 18:25:55
Block,产品经理,United States - San Francisco Bay Area,Level 3,--,--,--,--,https://www.levels.fyi/zh-cn/companies/block/salaries/product-manager/locations/san-francisco-bay-area?dma=807,2026-03-12 18:25:59
Block,产品经理,United States - San Francisco Bay Area,Level 4,2万,1.3万,7083.3,277.8,https://www.levels.fyi/zh-cn/companies/block/salaries/product-manager/locations/san-francisco-bay-area?dma=807,2026-03-12 18:25:59
Block,产品经理,United States - San Francisco Bay Area,Level 5,2.5万,1.6万,9649.5,79.7,https://www.levels.fyi/zh-cn/companies/block/salaries/product-manager/locations/san-francisco-bay-area?dma=807,2026-03-12 18:25:59
Block,产品经理,United States - San Francisco Bay Area,Level 6,3.6万,2万,1.6万,0,https://www.levels.fyi/zh-cn/companies/block/salaries/product-manager/locations/san-francisco-bay-area?dma=807,2026-03-12 18:25:59
Block,产品经理,United States - San Francisco Bay Area,Level 7,4.6万,2.3万,2.3万,52.1,https://www.levels.fyi/zh-cn/companies/block/salaries/product-manager/locations/san-francisco-bay-area?dma=807,2026-03-12 18:25:59
Block,产品经理,United States - San Francisco Bay Area,Level 8,5.9万,2.3万,3.5万,833.3,https://www.levels.fyi/zh-cn/companies/block/salaries/product-manager/locations/san-francisco-bay-area?dma=807,2026-03-12 18:25:59
Block,产品经理,United States - New York City Area,Level 3,--,--,--,--,https://www.levels.fyi/zh-cn/companies/block/salaries/product-manager/locations/new-york-city-area?dma=501,2026-03-12 18:26:04
Block,产品经理,United States - New York City Area,Level 4,--,--,--,--,https://www.levels.fyi/zh-cn/companies/block/salaries/product-manager/locations/new-york-city-area?dma=501,2026-03-12 18:26:04
Block,产品经理,United States - New York City Area,Level 5,2.2万,1.5万,7152.2,277.8,https://www.levels.fyi/zh-cn/companies/block/salaries/product-manager/locations/new-york-city-area?dma=501,2026-03-12 18:26:04
Block,产品经理,United States - New York City Area,Level 6,2.6万,1.8万,7731.5,0,https://www.levels.fyi/zh-cn/companies/block/salaries/product-manager/locations/new-york-city-area?dma=501,2026-03-12 18:26:04
Block,产品经理,United States - New York City Area,Level 7,5.2万,2.2万,2.9万,0,https://www.levels.fyi/zh-cn/companies/block/salaries/product-manager/locations/new-york-city-area?dma=501,2026-03-12 18:26:04
Block,产品经理,United States - New York City Area,Level 8,--,--,--,--,https://www.levels.fyi/zh-cn/companies/block/salaries/product-manager/locations/new-york-city-area?dma=501,2026-03-12 18:26:04
Block,产品经理,United States - Greater Los Angeles Area,Level 3,--,--,--,--,https://www.levels.fyi/zh-cn/companies/block/salaries/product-manager/locations/greater-los-angeles-area?dma=803,2026-03-12 18:26:09
Block,产品经理,United States - Greater Los Angeles Area,Level 4,--,--,--,--,https://www.levels.fyi/zh-cn/companies/block/salaries/product-manager/locations/greater-los-angeles-area?dma=803,2026-03-12 18:26:09
Block,产品经理,United States - Greater Los Angeles Area,Level 5,--,--,--,--,https://www.levels.fyi/zh-cn/companies/block/salaries/product-manager/locations/greater-los-angeles-area?dma=803,2026-03-12 18:26:09
Block,产品经理,United States - Greater Los Angeles Area,Level 6,3.1万,1.8万,1.3万,156.3,https://www.levels.fyi/zh-cn/companies/block/salaries/product-manager/locations/greater-los-angeles-area?dma=803,2026-03-12 18:26:09
Block,产品经理,United States - Greater Los Angeles Area,Level 7,--,--,--,--,https://www.levels.fyi/zh-cn/companies/block/salaries/product-manager/locations/greater-los-angeles-area?dma=803,2026-03-12 18:26:09
Block,产品经理,United States - Greater Los Angeles Area,Level 8,--,--,--,--,https://www.levels.fyi/zh-cn/companies/block/salaries/product-manager/locations/greater-los-angeles-area?dma=803,2026-03-12 18:26:09
Block,产品经理,United States - Greater Seattle Area,Level 3,--,--,--,--,https://www.levels.fyi/zh-cn/companies/block/salaries/product-manager/locations/greater-seattle-area?dma=819,2026-03-12 18:26:14
Block,产品经理,United States - Greater Seattle Area,Level 4,--,--,--,--,https://www.levels.fyi/zh-cn/companies/block/salaries/product-manager/locations/greater-seattle-area?dma=819,2026-03-12 18:26:14
Block,产品经理,United States - Greater Seattle Area,Level 5,1.8万,1.6万,2083.3,0,https://www.levels.fyi/zh-cn/companies/block/salaries/product-manager/locations/greater-seattle-area?dma=819,2026-03-12 18:26:14
Block,产品经理,United States - Greater Seattle Area,Level 6,4万,2万,2万,0,https://www.levels.fyi/zh-cn/companies/block/salaries/product-manager/locations/greater-seattle-area?dma=819,2026-03-12 18:26:14
Block,产品经理,United States - Greater Seattle Area,Level 7,--,--,--,--,https://www.levels.fyi/zh-cn/companies/block/salaries/product-manager/locations/greater-seattle-area?dma=819,2026-03-12 18:26:14
Block,产品经理,United States - Greater Seattle Area,Level 8,--,--,--,--,https://www.levels.fyi/zh-cn/companies/block/salaries/product-manager/locations/greater-seattle-area?dma=819,2026-03-12 18:26:14
Block,数据科学家,United States,Level 3,1.4万,9500,2916.7,1666.7,https://www.levels.fyi/zh-cn/companies/block/salaries/data-scientist?country=254,2026-03-12 18:26:35
Block,数据科学家,United States,Level 4,1.4万,1.2万,2285.8,250,https://www.levels.fyi/zh-cn/companies/block/salaries/data-scientist?country=254,2026-03-12 18:26:35
Block,数据科学家,United States,Level 5,1.8万,1.4万,4305.6,0,https://www.levels.fyi/zh-cn/companies/block/salaries/data-scientist?country=254,2026-03-12 18:26:35
Block,数据科学家,United States,Level 6,2.6万,1.7万,9383.3,0,https://www.levels.fyi/zh-cn/companies/block/salaries/data-scientist?country=254,2026-03-12 18:26:35
Block,数据科学家,United States,Level 7,--,--,--,--,https://www.levels.fyi/zh-cn/companies/block/salaries/data-scientist?country=254,2026-03-12 18:26:35
Block,数据科学家,United States,Level 8,--,--,--,--,https://www.levels.fyi/zh-cn/companies/block/salaries/data-scientist?country=254,2026-03-12 18:26:35
Block,数据科学家,United States - San Francisco Bay Area,Level 3,--,--,--,--,https://www.levels.fyi/zh-cn/companies/block/salaries/data-scientist/locations/san-francisco-bay-area?dma=807,2026-03-12 18:26:40
Block,数据科学家,United States - San Francisco Bay Area,Level 4,1.5万,1.2万,2614.6,145.8,https://www.levels.fyi/zh-cn/companies/block/salaries/data-scientist/locations/san-francisco-bay-area?dma=807,2026-03-12 18:26:40
Block,数据科学家,United States - San Francisco Bay Area,Level 5,1.9万,1.4万,4886.6,157.4,https://www.levels.fyi/zh-cn/companies/block/salaries/data-scientist/locations/san-francisco-bay-area?dma=807,2026-03-12 18:26:40
Block,数据科学家,United States - San Francisco Bay Area,Level 6,2.5万,1.7万,8250,0,https://www.levels.fyi/zh-cn/companies/block/salaries/data-scientist/locations/san-francisco-bay-area?dma=807,2026-03-12 18:26:40
Block,数据科学家,United States - San Francisco Bay Area,Level 7,--,--,--,--,https://www.levels.fyi/zh-cn/companies/block/salaries/data-scientist/locations/san-francisco-bay-area?dma=807,2026-03-12 18:26:40
Block,数据科学家,United States - San Francisco Bay Area,Level 8,--,--,--,--,https://www.levels.fyi/zh-cn/companies/block/salaries/data-scientist/locations/san-francisco-bay-area?dma=807,2026-03-12 18:26:40
Block,市场营销,United States,Level 3,1.1万,8750,2138.9,0,https://www.levels.fyi/zh-cn/companies/block/salaries/marketing?country=254,2026-03-12 18:26:54
Block,市场营销,United States,Level 4,1.3万,1.1万,2404.8,202.4,https://www.levels.fyi/zh-cn/companies/block/salaries/marketing?country=254,2026-03-12 18:26:54
Block,市场营销,United States,Level 5,1.6万,1.3万,2975.5,36.8,https://www.levels.fyi/zh-cn/companies/block/salaries/marketing?country=254,2026-03-12 18:26:54
Block,市场营销,United States,Level 6,2.1万,1.7万,3966.7,0,https://www.levels.fyi/zh-cn/companies/block/salaries/marketing?country=254,2026-03-12 18:26:54
Block,市场营销,United States,Level 7,3.7万,2.4万,1.3万,0,https://www.levels.fyi/zh-cn/companies/block/salaries/marketing?country=254,2026-03-12 18:26:54
Block,市场营销,United States,Level 8,--,--,--,--,https://www.levels.fyi/zh-cn/companies/block/salaries/marketing?country=254,2026-03-12 18:26:54
Block,市场营销,United States - San Francisco Bay Area,Level 3,1.2万,9791.7,2375,0,https://www.levels.fyi/zh-cn/companies/block/salaries/marketing/locations/san-francisco-bay-area?dma=807,2026-03-12 18:26:59
Block,市场营销,United States - San Francisco Bay Area,Level 4,--,--,--,--,https://www.levels.fyi/zh-cn/companies/block/salaries/marketing/locations/san-francisco-bay-area?dma=807,2026-03-12 18:26:59
Block,市场营销,United States - San Francisco Bay Area,Level 5,1.7万,1.3万,3475,0,https://www.levels.fyi/zh-cn/companies/block/salaries/marketing/locations/san-francisco-bay-area?dma=807,2026-03-12 18:26:59
Block,市场营销,United States - San Francisco Bay Area,Level 6,2.3万,1.8万,5361.1,0,https://www.levels.fyi/zh-cn/companies/block/salaries/marketing/locations/san-francisco-bay-area?dma=807,2026-03-12 18:26:59
Block,市场营销,United States - San Francisco Bay Area,Level 7,3.7万,2.4万,1.3万,0,https://www.levels.fyi/zh-cn/companies/block/salaries/marketing/locations/san-francisco-bay-area?dma=807,2026-03-12 18:26:59
Block,市场营销,United States - San Francisco Bay Area,Level 8,--,--,--,--,https://www.levels.fyi/zh-cn/companies/block/salaries/marketing/locations/san-francisco-bay-area?dma=807,2026-03-12 18:26:59
Block,技术项目经理,United States,Level 3,--,--,--,--,https://www.levels.fyi/zh-cn/companies/block/salaries/technical-program-manager?country=254,2026-03-12 18:27:20
Block,技术项目经理,United States,Level 4,1.3万,1万,2843.8,104.2,https://www.levels.fyi/zh-cn/companies/block/salaries/technical-program-manager?country=254,2026-03-12 18:27:20
Block,技术项目经理,United States,Level 5,1.6万,1.3万,3217.4,0,https://www.levels.fyi/zh-cn/companies/block/salaries/technical-program-manager?country=254,2026-03-12 18:27:20
Block,技术项目经理,United States,Level 6,2.3万,1.6万,6231.3,260.4,https://www.levels.fyi/zh-cn/companies/block/salaries/technical-program-manager?country=254,2026-03-12 18:27:20
Block,技术项目经理,United States,Level 7,3.6万,1.9万,1.7万,0,https://www.levels.fyi/zh-cn/companies/block/salaries/technical-program-manager?country=254,2026-03-12 18:27:20
Block,技术项目经理,United States,Level 8,--,--,--,--,https://www.levels.fyi/zh-cn/companies/block/salaries/technical-program-manager?country=254,2026-03-12 18:27:20
Block,技术项目经理,United States - Greater Seattle Area,Level 3,--,--,--,--,https://www.levels.fyi/zh-cn/companies/block/salaries/technical-program-manager/locations/greater-seattle-area?dma=819,2026-03-12 18:27:26
Block,技术项目经理,United States - Greater Seattle Area,Level 4,--,--,--,--,https://www.levels.fyi/zh-cn/companies/block/salaries/technical-program-manager/locations/greater-seattle-area?dma=819,2026-03-12 18:27:26
Block,技术项目经理,United States - Greater Seattle Area,Level 5,2.1万,1.6万,5019.4,0,https://www.levels.fyi/zh-cn/companies/block/salaries/technical-program-manager/locations/greater-seattle-area?dma=819,2026-03-12 18:27:26
Block,技术项目经理,United States - Greater Seattle Area,Level 6,2.6万,1.7万,9166.7,416.7,https://www.levels.fyi/zh-cn/companies/block/salaries/technical-program-manager/locations/greater-seattle-area?dma=819,2026-03-12 18:27:26
Block,技术项目经理,United States - Greater Seattle Area,Level 7,--,--,--,--,https://www.levels.fyi/zh-cn/companies/block/salaries/technical-program-manager/locations/greater-seattle-area?dma=819,2026-03-12 18:27:26
Block,技术项目经理,United States - Greater Seattle Area,Level 8,--,--,--,--,https://www.levels.fyi/zh-cn/companies/block/salaries/technical-program-manager/locations/greater-seattle-area?dma=819,2026-03-12 18:27:26
Block,技术项目经理,United States - Greater Los Angeles Area,Level 3,--,--,--,--,https://www.levels.fyi/zh-cn/companies/block/salaries/technical-program-manager/locations/greater-los-angeles-area?dma=803,2026-03-12 18:27:31
Block,技术项目经理,United States - Greater Los Angeles Area,Level 4,--,--,--,--,https://www.levels.fyi/zh-cn/companies/block/salaries/technical-program-manager/locations/greater-los-angeles-area?dma=803,2026-03-12 18:27:31
Block,技术项目经理,United States - Greater Los Angeles Area,Level 5,--,--,--,--,https://www.levels.fyi/zh-cn/companies/block/salaries/technical-program-manager/locations/greater-los-angeles-area?dma=803,2026-03-12 18:27:31
Block,技术项目经理,United States - Greater Los Angeles Area,Level 6,--,--,--,--,https://www.levels.fyi/zh-cn/companies/block/salaries/technical-program-manager/locations/greater-los-angeles-area?dma=803,2026-03-12 18:27:31
Block,技术项目经理,United States - Greater Los Angeles Area,Level 7,3.5万,1.8万,1.7万,0,https://www.levels.fyi/zh-cn/companies/block/salaries/technical-program-manager/locations/greater-los-angeles-area?dma=803,2026-03-12 18:27:31
Block,技术项目经理,United States - Greater Los Angeles Area,Level 8,--,--,--,--,https://www.levels.fyi/zh-cn/companies/block/salaries/technical-program-manager/locations/greater-los-angeles-area?dma=803,2026-03-12 18:27:31
Block,技术项目经理,United States - San Francisco Bay Area,Level 3,--,--,--,--,https://www.levels.fyi/zh-cn/companies/block/salaries/technical-program-manager/locations/san-francisco-bay-area?dma=807,2026-03-12 18:27:36
Block,技术项目经理,United States - San Francisco Bay Area,Level 4,--,--,--,--,https://www.levels.fyi/zh-cn/companies/block/salaries/technical-program-manager/locations/san-francisco-bay-area?dma=807,2026-03-12 18:27:36
Block,技术项目经理,United States - San Francisco Bay Area,Level 5,1.6万,1.2万,4041.7,0,https://www.levels.fyi/zh-cn/companies/block/salaries/technical-program-manager/locations/san-francisco-bay-area?dma=807,2026-03-12 18:27:36
Block,技术项目经理,United States - San Francisco Bay Area,Level 6,2.3万,1.7万,5673.1,168.3,https://www.levels.fyi/zh-cn/companies/block/salaries/technical-program-manager/locations/san-francisco-bay-area?dma=807,2026-03-12 18:27:36
Block,技术项目经理,United States - San Francisco Bay Area,Level 7,--,--,--,--,https://www.levels.fyi/zh-cn/companies/block/salaries/technical-program-manager/locations/san-francisco-bay-area?dma=807,2026-03-12 18:27:36
Block,技术项目经理,United States - San Francisco Bay Area,Level 8,--,--,--,--,https://www.levels.fyi/zh-cn/companies/block/salaries/technical-program-manager/locations/san-francisco-bay-area?dma=807,2026-03-12 18:27:36
Block,技术项目经理,Ireland,Level 3,--,--,--,--,https://www.levels.fyi/zh-cn/companies/block/salaries/technical-program-manager/locations/ireland?country=117,2026-03-12 18:27:41
Block,技术项目经理,Ireland,Level 4,--,--,--,--,https://www.levels.fyi/zh-cn/companies/block/salaries/technical-program-manager/locations/ireland?country=117,2026-03-12 18:27:41
Block,技术项目经理,Ireland,Level 5,1.3万,1万,2303.7,0,https://www.levels.fyi/zh-cn/companies/block/salaries/technical-program-manager/locations/ireland?country=117,2026-03-12 18:27:41
Block,技术项目经理,Ireland,Level 6,--,--,--,--,https://www.levels.fyi/zh-cn/companies/block/salaries/technical-program-manager/locations/ireland?country=117,2026-03-12 18:27:41
Block,技术项目经理,Ireland,Level 7,--,--,--,--,https://www.levels.fyi/zh-cn/companies/block/salaries/technical-program-manager/locations/ireland?country=117,2026-03-12 18:27:41
Block,技术项目经理,Ireland,Level 8,--,--,--,--,https://www.levels.fyi/zh-cn/companies/block/salaries/technical-program-manager/locations/ireland?country=117,2026-03-12 18:27:41
Block,技术项目经理,Ireland - Greater Dublin Area,Level 3,--,--,--,--,https://www.levels.fyi/zh-cn/companies/block/salaries/technical-program-manager/locations/greater-dublin-area?dma=10038,2026-03-12 18:27:46
Block,技术项目经理,Ireland - Greater Dublin Area,Level 4,--,--,--,--,https://www.levels.fyi/zh-cn/companies/block/salaries/technical-program-manager/locations/greater-dublin-area?dma=10038,2026-03-12 18:27:46
Block,技术项目经理,Ireland - Greater Dublin Area,Level 5,1.3万,1万,2303.7,0,https://www.levels.fyi/zh-cn/companies/block/salaries/technical-program-manager/locations/greater-dublin-area?dma=10038,2026-03-12 18:27:46
Block,技术项目经理,Ireland - Greater Dublin Area,Level 6,--,--,--,--,https://www.levels.fyi/zh-cn/companies/block/salaries/technical-program-manager/locations/greater-dublin-area?dma=10038,2026-03-12 18:27:46
Block,技术项目经理,Ireland - Greater Dublin Area,Level 7,--,--,--,--,https://www.levels.fyi/zh-cn/companies/block/salaries/technical-program-manager/locations/greater-dublin-area?dma=10038,2026-03-12 18:27:46
Block,技术项目经理,Ireland - Greater Dublin Area,Level 8,--,--,--,--,https://www.levels.fyi/zh-cn/companies/block/salaries/technical-program-manager/locations/greater-dublin-area?dma=10038,2026-03-12 18:27:46
Block,软件工程经理,United States,L5Engineering Manager,3.5万,1.3万,6250,1.6万,https://www.levels.fyi/zh-cn/companies/block/salaries/software-engineering-manager?country=254,2026-03-12 18:28:05
Block,软件工程经理,United States,L6Engineering Manager,4万,2.1万,1.8万,0,https://www.levels.fyi/zh-cn/companies/block/salaries/software-engineering-manager?country=254,2026-03-12 18:28:05
Block,软件工程经理,United States,L7Senior Engineering Manager,5.3万,2.6万,2.7万,0,https://www.levels.fyi/zh-cn/companies/block/salaries/software-engineering-manager?country=254,2026-03-12 18:28:05
Block,软件工程经理,United States,L8Engineering Director,8.2万,2.8万,5.4万,0,https://www.levels.fyi/zh-cn/companies/block/salaries/software-engineering-manager?country=254,2026-03-12 18:28:05
Block,软件工程经理,United States,L9VP,--,--,--,--,https://www.levels.fyi/zh-cn/companies/block/salaries/software-engineering-manager?country=254,2026-03-12 18:28:05
Block,软件工程经理,United States - New York City Area,L5Engineering Manager,--,--,--,--,https://www.levels.fyi/zh-cn/companies/block/salaries/software-engineering-manager/locations/new-york-city-area?dma=501,2026-03-12 18:28:10
Block,软件工程经理,United States - New York City Area,L6Engineering Manager,3.9万,2万,1.9万,0,https://www.levels.fyi/zh-cn/companies/block/salaries/software-engineering-manager/locations/new-york-city-area?dma=501,2026-03-12 18:28:10
Block,软件工程经理,United States - New York City Area,L7Senior Engineering Manager,5.9万,2.6万,3.2万,0,https://www.levels.fyi/zh-cn/companies/block/salaries/software-engineering-manager/locations/new-york-city-area?dma=501,2026-03-12 18:28:10
Block,软件工程经理,United States - New York City Area,L8Engineering Director,--,--,--,--,https://www.levels.fyi/zh-cn/companies/block/salaries/software-engineering-manager/locations/new-york-city-area?dma=501,2026-03-12 18:28:10
Block,软件工程经理,United States - New York City Area,L9VP,--,--,--,--,https://www.levels.fyi/zh-cn/companies/block/salaries/software-engineering-manager/locations/new-york-city-area?dma=501,2026-03-12 18:28:10
Block,软件工程经理,United States - San Francisco Bay Area,L5Engineering Manager,--,--,--,--,https://www.levels.fyi/zh-cn/companies/block/salaries/software-engineering-manager/locations/san-francisco-bay-area?dma=807,2026-03-12 18:28:15
Block,软件工程经理,United States - San Francisco Bay Area,L6Engineering Manager,3.7万,2万,1.7万,0,https://www.levels.fyi/zh-cn/companies/block/salaries/software-engineering-manager/locations/san-francisco-bay-area?dma=807,2026-03-12 18:28:15
Block,软件工程经理,United States - San Francisco Bay Area,L7Senior Engineering Manager,4.7万,2.4万,2.3万,0,https://www.levels.fyi/zh-cn/companies/block/salaries/software-engineering-manager/locations/san-francisco-bay-area?dma=807,2026-03-12 18:28:15
Block,软件工程经理,United States - San Francisco Bay Area,L8Engineering Director,7.7万,2.7万,5万,0,https://www.levels.fyi/zh-cn/companies/block/salaries/software-engineering-manager/locations/san-francisco-bay-area?dma=807,2026-03-12 18:28:15
Block,软件工程经理,United States - San Francisco Bay Area,L9VP,--,--,--,--,https://www.levels.fyi/zh-cn/companies/block/salaries/software-engineering-manager/locations/san-francisco-bay-area?dma=807,2026-03-12 18:28:15
Block,软件工程经理,United States - Greater Seattle Area,L5Engineering Manager,--,--,--,--,https://www.levels.fyi/zh-cn/companies/block/salaries/software-engineering-manager/locations/greater-seattle-area?dma=819,2026-03-12 18:28:19
Block,软件工程经理,United States - Greater Seattle Area,L6Engineering Manager,4.6万,2.1万,2.4万,895.8,https://www.levels.fyi/zh-cn/companies/block/salaries/software-engineering-manager/locations/greater-seattle-area?dma=819,2026-03-12 18:28:19
Block,软件工程经理,United States - Greater Seattle Area,L7Senior Engineering Manager,6万,2.6万,3.5万,0,https://www.levels.fyi/zh-cn/companies/block/salaries/software-engineering-manager/locations/greater-seattle-area?dma=819,2026-03-12 18:28:19
Block,软件工程经理,United States - Greater Seattle Area,L8Engineering Director,--,--,--,--,https://www.levels.fyi/zh-cn/companies/block/salaries/software-engineering-manager/locations/greater-seattle-area?dma=819,2026-03-12 18:28:19
Block,软件工程经理,United States - Greater Seattle Area,L9VP,--,--,--,--,https://www.levels.fyi/zh-cn/companies/block/salaries/software-engineering-manager/locations/greater-seattle-area?dma=819,2026-03-12 18:28:19
Block,软件工程经理,United States - Philadelphia Area,L5Engineering Manager,--,--,--,--,https://www.levels.fyi/zh-cn/companies/block/salaries/software-engineering-manager/locations/philadelphia-area?dma=504,2026-03-12 18:28:24
Block,软件工程经理,United States - Philadelphia Area,L6Engineering Manager,3.7万,2.1万,1.6万,0,https://www.levels.fyi/zh-cn/companies/block/salaries/software-engineering-manager/locations/philadelphia-area?dma=504,2026-03-12 18:28:24
Block,软件工程经理,United States - Philadelphia Area,L7Senior Engineering Manager,--,--,--,--,https://www.levels.fyi/zh-cn/companies/block/salaries/software-engineering-manager/locations/philadelphia-area?dma=504,2026-03-12 18:28:25
Block,软件工程经理,United States - Philadelphia Area,L8Engineering Director,--,--,--,--,https://www.levels.fyi/zh-cn/companies/block/salaries/software-engineering-manager/locations/philadelphia-area?dma=504,2026-03-12 18:28:25
Block,软件工程经理,United States - Philadelphia Area,L9VP,--,--,--,--,https://www.levels.fyi/zh-cn/companies/block/salaries/software-engineering-manager/locations/philadelphia-area?dma=504,2026-03-12 18:28:25
Block,软件工程经理,Australia,L5Engineering Manager,--,--,--,--,https://www.levels.fyi/zh-cn/companies/block/salaries/software-engineering-manager/locations/australia?country=14,2026-03-12 18:28:29
Block,软件工程经理,Australia,L6Engineering Manager,2万,1.2万,7882.2,357.9,https://www.levels.fyi/zh-cn/companies/block/salaries/software-engineering-manager/locations/australia?country=14,2026-03-12 18:28:29
Block,软件工程经理,Australia,L7Senior Engineering Manager,2.5万,1.4万,1.1万,0,https://www.levels.fyi/zh-cn/companies/block/salaries/software-engineering-manager/locations/australia?country=14,2026-03-12 18:28:29
Block,软件工程经理,Australia,L8Engineering Director,--,--,--,--,https://www.levels.fyi/zh-cn/companies/block/salaries/software-engineering-manager/locations/australia?country=14,2026-03-12 18:28:29
Block,软件工程经理,Australia,L9VP,--,--,--,--,https://www.levels.fyi/zh-cn/companies/block/salaries/software-engineering-manager/locations/australia?country=14,2026-03-12 18:28:29
Block,业务分析师,,Level 3,--,--,--,--,https://www.levels.fyi/zh-cn/companies/block/salaries/business-analyst,2026-03-12 18:28:40
Block,业务分析师,,Level 4,1.1万,9875,1171.5,24,https://www.levels.fyi/zh-cn/companies/block/salaries/business-analyst,2026-03-12 18:28:40
Block,业务分析师,,Level 5,1.6万,1.2万,3447.9,52.1,https://www.levels.fyi/zh-cn/companies/block/salaries/business-analyst,2026-03-12 18:28:40
Block,业务分析师,,Level 6,2.2万,1.5万,6250,416.7,https://www.levels.fyi/zh-cn/companies/block/salaries/business-analyst,2026-03-12 18:28:40
Block,业务分析师,,Level 7,--,--,--,--,https://www.levels.fyi/zh-cn/companies/block/salaries/business-analyst,2026-03-12 18:28:40
Block,业务分析师,,Level 8,--,--,--,--,https://www.levels.fyi/zh-cn/companies/block/salaries/business-analyst,2026-03-12 18:28:40
Block,数据分析师,United States,L3,--,--,--,--,https://www.levels.fyi/zh-cn/companies/block/salaries/data-analyst?country=254,2026-03-12 18:28:50
Block,数据分析师,United States,L4,1.1万,9873.3,1292.8,0,https://www.levels.fyi/zh-cn/companies/block/salaries/data-analyst?country=254,2026-03-12 18:28:50
Block,数据分析师,United States,L5,1.5万,1.1万,3614.6,0,https://www.levels.fyi/zh-cn/companies/block/salaries/data-analyst?country=254,2026-03-12 18:28:50
Block,数据分析师,United States,L6,2万,1.4万,5625,0,https://www.levels.fyi/zh-cn/companies/block/salaries/data-analyst?country=254,2026-03-12 18:28:50
Block,数据分析师,United States,L7,--,--,--,--,https://www.levels.fyi/zh-cn/companies/block/salaries/data-analyst?country=254,2026-03-12 18:28:50
Block,数据分析师,United States,L8,--,--,--,--,https://www.levels.fyi/zh-cn/companies/block/salaries/data-analyst?country=254,2026-03-12 18:28:50
Block,数据分析师,United States,L9,--,--,--,--,https://www.levels.fyi/zh-cn/companies/block/salaries/data-analyst?country=254,2026-03-12 18:28:50
Block,招聘专员,United States,L3,--,--,--,--,https://www.levels.fyi/zh-cn/companies/block/salaries/recruiter?country=254,2026-03-12 18:29:09
Block,招聘专员,United States,L4,--,--,--,--,https://www.levels.fyi/zh-cn/companies/block/salaries/recruiter?country=254,2026-03-12 18:29:09
Block,招聘专员,United States,L5,1.5万,1.2万,2479.2,0,https://www.levels.fyi/zh-cn/companies/block/salaries/recruiter?country=254,2026-03-12 18:29:09
Block,招聘专员,United States,L6,2.3万,1.6万,6666.7,0,https://www.levels.fyi/zh-cn/companies/block/salaries/recruiter?country=254,2026-03-12 18:29:09
Block,招聘专员,United States,L7,--,--,--,--,https://www.levels.fyi/zh-cn/companies/block/salaries/recruiter?country=254,2026-03-12 18:29:09
Block,招聘专员,United States,L8,--,--,--,--,https://www.levels.fyi/zh-cn/companies/block/salaries/recruiter?country=254,2026-03-12 18:29:09
Block,招聘专员,United States,L9,--,--,--,--,https://www.levels.fyi/zh-cn/companies/block/salaries/recruiter?country=254,2026-03-12 18:29:09
Block,招聘专员,United States - New York City Area,L3,--,--,--,--,https://www.levels.fyi/zh-cn/companies/block/salaries/recruiter/locations/new-york-city-area?dma=501,2026-03-12 18:29:15
Block,招聘专员,United States - New York City Area,L4,--,--,--,--,https://www.levels.fyi/zh-cn/companies/block/salaries/recruiter/locations/new-york-city-area?dma=501,2026-03-12 18:29:15
Block,招聘专员,United States - New York City Area,L5,2.3万,1.1万,1.3万,0,https://www.levels.fyi/zh-cn/companies/block/salaries/recruiter/locations/new-york-city-area?dma=501,2026-03-12 18:29:15
Block,招聘专员,United States - New York City Area,L6,--,--,--,--,https://www.levels.fyi/zh-cn/companies/block/salaries/recruiter/locations/new-york-city-area?dma=501,2026-03-12 18:29:15
Block,招聘专员,United States - New York City Area,L7,--,--,--,--,https://www.levels.fyi/zh-cn/companies/block/salaries/recruiter/locations/new-york-city-area?dma=501,2026-03-12 18:29:15
Block,招聘专员,United States - New York City Area,L8,--,--,--,--,https://www.levels.fyi/zh-cn/companies/block/salaries/recruiter/locations/new-york-city-area?dma=501,2026-03-12 18:29:15
Block,招聘专员,United States - New York City Area,L9,--,--,--,--,https://www.levels.fyi/zh-cn/companies/block/salaries/recruiter/locations/new-york-city-area?dma=501,2026-03-12 18:29:15
Block,项目经理,United States,Level 3,9552.1,8583.3,968.8,0,https://www.levels.fyi/zh-cn/companies/block/salaries/project-manager?country=254,2026-03-12 18:30:11
Block,项目经理,United States,Level 4,1.1万,9202.1,1437.5,0,https://www.levels.fyi/zh-cn/companies/block/salaries/project-manager?country=254,2026-03-12 18:30:11
Block,项目经理,United States,Level 5,1.4万,1.2万,2398.2,0,https://www.levels.fyi/zh-cn/companies/block/salaries/project-manager?country=254,2026-03-12 18:30:11
Block,项目经理,United States,Level 6,1.8万,1.3万,4166.7,0,https://www.levels.fyi/zh-cn/companies/block/salaries/project-manager?country=254,2026-03-12 18:30:11
Block,项目经理,United States,Level 7,3.5万,2.2万,1.3万,0,https://www.levels.fyi/zh-cn/companies/block/salaries/project-manager?country=254,2026-03-12 18:30:11
Block,项目经理,United States,Level 8,--,--,--,--,https://www.levels.fyi/zh-cn/companies/block/salaries/project-manager?country=254,2026-03-12 18:30:11
Block,财务分析师,United States,L3,--,--,--,--,https://www.levels.fyi/zh-cn/companies/block/salaries/financial-analyst?country=254,2026-03-12 18:30:32
Block,财务分析师,United States,L4,1.3万,1.1万,1583.3,0,https://www.levels.fyi/zh-cn/companies/block/salaries/financial-analyst?country=254,2026-03-12 18:30:32
Block,财务分析师,United States,L5,1.9万,1.4万,4388.9,0,https://www.levels.fyi/zh-cn/companies/block/salaries/financial-analyst?country=254,2026-03-12 18:30:32
Block,财务分析师,United States,L6,2.4万,1.7万,6527.8,0,https://www.levels.fyi/zh-cn/companies/block/salaries/financial-analyst?country=254,2026-03-12 18:30:32
Block,财务分析师,United States,L7,--,--,--,--,https://www.levels.fyi/zh-cn/companies/block/salaries/financial-analyst?country=254,2026-03-12 18:30:32
Block,财务分析师,United States,L8,--,--,--,--,https://www.levels.fyi/zh-cn/companies/block/salaries/financial-analyst?country=254,2026-03-12 18:30:32
Block,财务分析师,United States,L9,--,--,--,--,https://www.levels.fyi/zh-cn/companies/block/salaries/financial-analyst?country=254,2026-03-12 18:30:32
Block,财务分析师,United States - New York City Area,L3,--,--,--,--,https://www.levels.fyi/zh-cn/companies/block/salaries/financial-analyst/locations/new-york-city-area?dma=501,2026-03-12 18:30:37
Block,财务分析师,United States - New York City Area,L4,--,--,--,--,https://www.levels.fyi/zh-cn/companies/block/salaries/financial-analyst/locations/new-york-city-area?dma=501,2026-03-12 18:30:37
Block,财务分析师,United States - New York City Area,L5,--,--,--,--,https://www.levels.fyi/zh-cn/companies/block/salaries/financial-analyst/locations/new-york-city-area?dma=501,2026-03-12 18:30:37
Block,财务分析师,United States - New York City Area,L6,2.3万,1.7万,6666.7,0,https://www.levels.fyi/zh-cn/companies/block/salaries/financial-analyst/locations/new-york-city-area?dma=501,2026-03-12 18:30:37
Block,财务分析师,United States - New York City Area,L7,--,--,--,--,https://www.levels.fyi/zh-cn/companies/block/salaries/financial-analyst/locations/new-york-city-area?dma=501,2026-03-12 18:30:37
Block,财务分析师,United States - New York City Area,L8,--,--,--,--,https://www.levels.fyi/zh-cn/companies/block/salaries/financial-analyst/locations/new-york-city-area?dma=501,2026-03-12 18:30:37
Block,财务分析师,United States - New York City Area,L9,--,--,--,--,https://www.levels.fyi/zh-cn/companies/block/salaries/financial-analyst/locations/new-york-city-area?dma=501,2026-03-12 18:30:37
Block,财务分析师,United States - San Francisco Bay Area,L3,--,--,--,--,https://www.levels.fyi/zh-cn/companies/block/salaries/financial-analyst/locations/san-francisco-bay-area?dma=807,2026-03-12 18:30:42
Block,财务分析师,United States - San Francisco Bay Area,L4,1.2万,1.1万,1354.2,0,https://www.levels.fyi/zh-cn/companies/block/salaries/financial-analyst/locations/san-francisco-bay-area?dma=807,2026-03-12 18:30:42
Block,财务分析师,United States - San Francisco Bay Area,L5,1.9万,1.4万,4388.9,0,https://www.levels.fyi/zh-cn/companies/block/salaries/financial-analyst/locations/san-francisco-bay-area?dma=807,2026-03-12 18:30:42
Block,财务分析师,United States - San Francisco Bay Area,L6,--,--,--,--,https://www.levels.fyi/zh-cn/companies/block/salaries/financial-analyst/locations/san-francisco-bay-area?dma=807,2026-03-12 18:30:42
Block,财务分析师,United States - San Francisco Bay Area,L7,--,--,--,--,https://www.levels.fyi/zh-cn/companies/block/salaries/financial-analyst/locations/san-francisco-bay-area?dma=807,2026-03-12 18:30:42
Block,财务分析师,United States - San Francisco Bay Area,L8,--,--,--,--,https://www.levels.fyi/zh-cn/companies/block/salaries/financial-analyst/locations/san-francisco-bay-area?dma=807,2026-03-12 18:30:42
Block,财务分析师,United States - San Francisco Bay Area,L9,--,--,--,--,https://www.levels.fyi/zh-cn/companies/block/salaries/financial-analyst/locations/san-francisco-bay-area?dma=807,2026-03-12 18:30:42
Block,法务,United States,L3,8833.3,7791.7,1041.7,0,https://www.levels.fyi/zh-cn/companies/block/salaries/legal?country=254,2026-03-12 18:31:02
Block,法务,United States,L4,9543.1,8480.6,1027.8,34.8,https://www.levels.fyi/zh-cn/companies/block/salaries/legal?country=254,2026-03-12 18:31:02
Block,法务,United States,L5,--,--,--,--,https://www.levels.fyi/zh-cn/companies/block/salaries/legal?country=254,2026-03-12 18:31:02
Block,法务,United States,L6,3万,2.1万,9652.8,0,https://www.levels.fyi/zh-cn/companies/block/salaries/legal?country=254,2026-03-12 18:31:02
Block,法务,United States,L7,--,--,--,--,https://www.levels.fyi/zh-cn/companies/block/salaries/legal?country=254,2026-03-12 18:31:02
Block,法务,United States,L8,--,--,--,--,https://www.levels.fyi/zh-cn/companies/block/salaries/legal?country=254,2026-03-12 18:31:02
Block,法务,United States,L9,--,--,--,--,https://www.levels.fyi/zh-cn/companies/block/salaries/legal?country=254,2026-03-12 18:31:02
Block,法务,United States - San Francisco Bay Area,L3,--,--,--,--,https://www.levels.fyi/zh-cn/companies/block/salaries/legal/locations/san-francisco-bay-area?dma=807,2026-03-12 18:31:07
Block,法务,United States - San Francisco Bay Area,L4,--,--,--,--,https://www.levels.fyi/zh-cn/companies/block/salaries/legal/locations/san-francisco-bay-area?dma=807,2026-03-12 18:31:07
Block,法务,United States - San Francisco Bay Area,L5,--,--,--,--,https://www.levels.fyi/zh-cn/companies/block/salaries/legal/locations/san-francisco-bay-area?dma=807,2026-03-12 18:31:07
Block,法务,United States - San Francisco Bay Area,L6,2.9万,2.1万,7916.7,0,https://www.levels.fyi/zh-cn/companies/block/salaries/legal/locations/san-francisco-bay-area?dma=807,2026-03-12 18:31:07
Block,法务,United States - San Francisco Bay Area,L7,--,--,--,--,https://www.levels.fyi/zh-cn/companies/block/salaries/legal/locations/san-francisco-bay-area?dma=807,2026-03-12 18:31:07
Block,法务,United States - San Francisco Bay Area,L8,--,--,--,--,https://www.levels.fyi/zh-cn/companies/block/salaries/legal/locations/san-francisco-bay-area?dma=807,2026-03-12 18:31:07
Block,法务,United States - San Francisco Bay Area,L9,--,--,--,--,https://www.levels.fyi/zh-cn/companies/block/salaries/legal/locations/san-francisco-bay-area?dma=807,2026-03-12 18:31:07
Block,用户体验研究员,,L3,--,--,--,--,https://www.levels.fyi/zh-cn/companies/block/salaries/ux-researcher,2026-03-12 18:31:17
Block,用户体验研究员,,L4,--,--,--,--,https://www.levels.fyi/zh-cn/companies/block/salaries/ux-researcher,2026-03-12 18:31:17
Block,用户体验研究员,,L5,1.9万,1.3万,5501,0,https://www.levels.fyi/zh-cn/companies/block/salaries/ux-researcher,2026-03-12 18:31:17
Block,用户体验研究员,,L6,2.3万,1.7万,5861.1,0,https://www.levels.fyi/zh-cn/companies/block/salaries/ux-researcher,2026-03-12 18:31:17
Block,用户体验研究员,,L7,--,--,--,--,https://www.levels.fyi/zh-cn/companies/block/salaries/ux-researcher,2026-03-12 18:31:17
Block,用户体验研究员,,L8,--,--,--,--,https://www.levels.fyi/zh-cn/companies/block/salaries/ux-researcher,2026-03-12 18:31:17
Block,用户体验研究员,,L9,--,--,--,--,https://www.levels.fyi/zh-cn/companies/block/salaries/ux-researcher,2026-03-12 18:31:17
Block,数据科学经理,United States,L3,--,--,--,--,https://www.levels.fyi/zh-cn/companies/block/salaries/data-science-manager?country=254,2026-03-12 18:31:32
Block,数据科学经理,United States,L4,--,--,--,--,https://www.levels.fyi/zh-cn/companies/block/salaries/data-science-manager?country=254,2026-03-12 18:31:32
Block,数据科学经理,United States,L5,1.9万,1.6万,2664,0,https://www.levels.fyi/zh-cn/companies/block/salaries/data-science-manager?country=254,2026-03-12 18:31:32
Block,数据科学经理,United States,L6,2.8万,1.8万,1万,0,https://www.levels.fyi/zh-cn/companies/block/salaries/data-science-manager?country=254,2026-03-12 18:31:32
Block,数据科学经理,United States,L7,--,--,--,--,https://www.levels.fyi/zh-cn/companies/block/salaries/data-science-manager?country=254,2026-03-12 18:31:32
Block,数据科学经理,United States,L8,--,--,--,--,https://www.levels.fyi/zh-cn/companies/block/salaries/data-science-manager?country=254,2026-03-12 18:31:32
Block,数据科学经理,United States,L9,--,--,--,--,https://www.levels.fyi/zh-cn/companies/block/salaries/data-science-manager?country=254,2026-03-12 18:31:32
Block,数据科学经理,United States - San Francisco Bay Area,L3,--,--,--,--,https://www.levels.fyi/zh-cn/companies/block/salaries/data-science-manager/locations/san-francisco-bay-area?dma=807,2026-03-12 18:31:37
Block,数据科学经理,United States - San Francisco Bay Area,L4,--,--,--,--,https://www.levels.fyi/zh-cn/companies/block/salaries/data-science-manager/locations/san-francisco-bay-area?dma=807,2026-03-12 18:31:37
Block,数据科学经理,United States - San Francisco Bay Area,L5,--,--,--,--,https://www.levels.fyi/zh-cn/companies/block/salaries/data-science-manager/locations/san-francisco-bay-area?dma=807,2026-03-12 18:31:37
Block,数据科学经理,United States - San Francisco Bay Area,L6,2.7万,1.8万,9444.4,0,https://www.levels.fyi/zh-cn/companies/block/salaries/data-science-manager/locations/san-francisco-bay-area?dma=807,2026-03-12 18:31:37
Block,数据科学经理,United States - San Francisco Bay Area,L7,--,--,--,--,https://www.levels.fyi/zh-cn/companies/block/salaries/data-science-manager/locations/san-francisco-bay-area?dma=807,2026-03-12 18:31:37
Block,数据科学经理,United States - San Francisco Bay Area,L8,--,--,--,--,https://www.levels.fyi/zh-cn/companies/block/salaries/data-science-manager/locations/san-francisco-bay-area?dma=807,2026-03-12 18:31:37
Block,数据科学经理,United States - San Francisco Bay Area,L9,--,--,--,--,https://www.levels.fyi/zh-cn/companies/block/salaries/data-science-manager/locations/san-francisco-bay-area?dma=807,2026-03-12 18:31:37
Block,硬件工程师,,L3,--,--,--,--,https://www.levels.fyi/zh-cn/companies/block/salaries/hardware-engineer,2026-03-12 18:31:50
Block,硬件工程师,,L4,--,--,--,--,https://www.levels.fyi/zh-cn/companies/block/salaries/hardware-engineer,2026-03-12 18:31:50
Block,硬件工程师,,L5,2.1万,1.4万,7500,0,https://www.levels.fyi/zh-cn/companies/block/salaries/hardware-engineer,2026-03-12 18:31:50
Block,硬件工程师,,L6,3.6万,1.8万,1.8万,0,https://www.levels.fyi/zh-cn/companies/block/salaries/hardware-engineer,2026-03-12 18:31:50
Block,硬件工程师,,L7,--,--,--,--,https://www.levels.fyi/zh-cn/companies/block/salaries/hardware-engineer,2026-03-12 18:31:50
Block,硬件工程师,,L8,--,--,--,--,https://www.levels.fyi/zh-cn/companies/block/salaries/hardware-engineer,2026-03-12 18:31:50
Block,硬件工程师,,L9,--,--,--,--,https://www.levels.fyi/zh-cn/companies/block/salaries/hardware-engineer,2026-03-12 18:31:50
Block,网络安全分析师,,L3,--,--,--,--,https://www.levels.fyi/zh-cn/companies/block/salaries/security-analyst,2026-03-12 18:31:55
Block,网络安全分析师,,L4,--,--,--,--,https://www.levels.fyi/zh-cn/companies/block/salaries/security-analyst,2026-03-12 18:31:55
Block,网络安全分析师,,L5,1.4万,9045.8,4481.9,0,https://www.levels.fyi/zh-cn/companies/block/salaries/security-analyst,2026-03-12 18:31:55
Block,网络安全分析师,,L6,--,--,--,--,https://www.levels.fyi/zh-cn/companies/block/salaries/security-analyst,2026-03-12 18:31:55
Block,网络安全分析师,,L7,--,--,--,--,https://www.levels.fyi/zh-cn/companies/block/salaries/security-analyst,2026-03-12 18:31:55
Block,网络安全分析师,,L8,--,--,--,--,https://www.levels.fyi/zh-cn/companies/block/salaries/security-analyst,2026-03-12 18:31:55
Block,网络安全分析师,,L9,--,--,--,--,https://www.levels.fyi/zh-cn/companies/block/salaries/security-analyst,2026-03-12 18:31:55
Block,人力资源,,,11.5万,,,,https://www.levels.fyi/zh-cn/companies/block/salaries/human-resources,2026-03-12 18:32:07
Block,信息技术专员,United States,L3,--,--,--,--,https://www.levels.fyi/zh-cn/companies/block/salaries/information-technologist?country=254,2026-03-12 18:32:22
Block,信息技术专员,United States,L4,1.1万,1.1万,0,0,https://www.levels.fyi/zh-cn/companies/block/salaries/information-technologist?country=254,2026-03-12 18:32:22
Block,信息技术专员,United States,L5,--,--,--,--,https://www.levels.fyi/zh-cn/companies/block/salaries/information-technologist?country=254,2026-03-12 18:32:22
Block,信息技术专员,United States,L6,--,--,--,--,https://www.levels.fyi/zh-cn/companies/block/salaries/information-technologist?country=254,2026-03-12 18:32:22
Block,信息技术专员,United States,L7,--,--,--,--,https://www.levels.fyi/zh-cn/companies/block/salaries/information-technologist?country=254,2026-03-12 18:32:22
Block,信息技术专员,United States,L8,--,--,--,--,https://www.levels.fyi/zh-cn/companies/block/salaries/information-technologist?country=254,2026-03-12 18:32:22
Block,信息技术专员,United States,L9,--,--,--,--,https://www.levels.fyi/zh-cn/companies/block/salaries/information-technologist?country=254,2026-03-12 18:32:22
Block,会计师,,L3,1.1万,9250,1388.9,0,https://www.levels.fyi/zh-cn/companies/block/salaries/accountant,2026-03-12 18:32:32
Block,会计师,,L4,--,--,--,--,https://www.levels.fyi/zh-cn/companies/block/salaries/accountant,2026-03-12 18:32:32
Block,会计师,,L5,--,--,--,--,https://www.levels.fyi/zh-cn/companies/block/salaries/accountant,2026-03-12 18:32:32
Block,会计师,,L6,--,--,--,--,https://www.levels.fyi/zh-cn/companies/block/salaries/accountant,2026-03-12 18:32:32
Block,会计师,,L7,--,--,--,--,https://www.levels.fyi/zh-cn/companies/block/salaries/accountant,2026-03-12 18:32:32
Block,会计师,,L8,--,--,--,--,https://www.levels.fyi/zh-cn/companies/block/salaries/accountant,2026-03-12 18:32:32
Block,会计师,,L9,--,--,--,--,https://www.levels.fyi/zh-cn/companies/block/salaries/accountant,2026-03-12 18:32:32
Block,业务运营,,,1.4万-1.7万,,,,https://www.levels.fyi/zh-cn/companies/block/salaries/biz-ops,2026-03-12 18:32:39
Block,业务运营经理,,,1.5万-1.8万,,,,https://www.levels.fyi/zh-cn/companies/block/salaries/bizops-manager,2026-03-12 18:32:44
Block,文案撰稿人,,,1.3万-1.5万,,,,https://www.levels.fyi/zh-cn/companies/block/salaries/copywriter,2026-03-12 18:32:50
Block,客户服务,,,4184.1-4928,,,,https://www.levels.fyi/zh-cn/companies/block/salaries/customer-service,2026-03-12 18:32:55
Block,客户服务运营,,,4635.8-5276.9,,,,https://www.levels.fyi/zh-cn/companies/block/salaries/customer-service-ops,2026-03-12 18:33:00
Block,客户成功,,,6979-7954.6,,,,https://www.levels.fyi/zh-cn/companies/block/salaries/customer-success,2026-03-12 18:33:04
Block,电气工程师,,L3,--,--,--,--,https://www.levels.fyi/zh-cn/companies/block/salaries/electrical-engineer,2026-03-12 18:33:07
Block,电气工程师,,L4,--,--,--,--,https://www.levels.fyi/zh-cn/companies/block/salaries/electrical-engineer,2026-03-12 18:33:07
Block,电气工程师,,L5,--,--,--,--,https://www.levels.fyi/zh-cn/companies/block/salaries/electrical-engineer,2026-03-12 18:33:07
Block,电气工程师,,L6,2.5万,1.8万,7500,0,https://www.levels.fyi/zh-cn/companies/block/salaries/electrical-engineer,2026-03-12 18:33:07
Block,电气工程师,,L7,--,--,--,--,https://www.levels.fyi/zh-cn/companies/block/salaries/electrical-engineer,2026-03-12 18:33:07
Block,电气工程师,,L8,--,--,--,--,https://www.levels.fyi/zh-cn/companies/block/salaries/electrical-engineer,2026-03-12 18:33:07
Block,电气工程师,,L9,--,--,--,--,https://www.levels.fyi/zh-cn/companies/block/salaries/electrical-engineer,2026-03-12 18:33:07
Block,电气工程师,,,1.7万-2.1万,,,,https://www.levels.fyi/zh-cn/companies/block/salaries/electrical-engineer,2026-03-12 18:33:08
Block,平面设计师,,,8050-9537.5,,,,https://www.levels.fyi/zh-cn/companies/block/salaries/graphic-designer,2026-03-12 18:33:13
Block,管理咨询顾问,,,1.5万-1.8万,,,,https://www.levels.fyi/zh-cn/companies/block/salaries/management-consultant,2026-03-12 18:33:17
Block,市场运营,,L3,1.3万,1.2万,1555.6,0,https://www.levels.fyi/zh-cn/companies/block/salaries/marketing-operations,2026-03-12 18:33:21
Block,市场运营,,L4,9966.7,8966.7,1000,0,https://www.levels.fyi/zh-cn/companies/block/salaries/marketing-operations,2026-03-12 18:33:21
Block,市场运营,,L5,--,--,--,--,https://www.levels.fyi/zh-cn/companies/block/salaries/marketing-operations,2026-03-12 18:33:21
Block,市场运营,,L6,--,--,--,--,https://www.levels.fyi/zh-cn/companies/block/salaries/marketing-operations,2026-03-12 18:33:21
Block,市场运营,,L7,--,--,--,--,https://www.levels.fyi/zh-cn/companies/block/salaries/marketing-operations,2026-03-12 18:33:21
Block,市场运营,,L8,--,--,--,--,https://www.levels.fyi/zh-cn/companies/block/salaries/marketing-operations,2026-03-12 18:33:21
Block,市场运营,,L9,--,--,--,--,https://www.levels.fyi/zh-cn/companies/block/salaries/marketing-operations,2026-03-12 18:33:21
Block,合作伙伴经理,,,1.5万-1.8万,,,,https://www.levels.fyi/zh-cn/companies/block/salaries/partner-manager,2026-03-12 18:33:27
Block,人员运营,,,4999.5-5850.4,,,,https://www.levels.fyi/zh-cn/companies/block/salaries/people-ops,2026-03-12 18:33:32
Block,产品设计经理,,,2.7万-3.2万,,,,https://www.levels.fyi/zh-cn/companies/block/salaries/product-design-manager,2026-03-12 18:33:37
Block,收入运营,,,6975-8100,,,,https://www.levels.fyi/zh-cn/companies/block/salaries/revops,2026-03-12 18:33:42
Block,销售,,Level 3,7479.4,7142.1,337.3,0,https://www.levels.fyi/zh-cn/companies/block/salaries/sales,2026-03-12 18:33:47
Block,销售,,Level 4,--,--,--,--,https://www.levels.fyi/zh-cn/companies/block/salaries/sales,2026-03-12 18:33:47
Block,销售,,Level 5,--,--,--,--,https://www.levels.fyi/zh-cn/companies/block/salaries/sales,2026-03-12 18:33:47
Block,销售,,Level 6,--,--,--,--,https://www.levels.fyi/zh-cn/companies/block/salaries/sales,2026-03-12 18:33:47
Block,销售,,Level 7,--,--,--,--,https://www.levels.fyi/zh-cn/companies/block/salaries/sales,2026-03-12 18:33:47
Block,销售,,Level 8,--,--,--,--,https://www.levels.fyi/zh-cn/companies/block/salaries/sales,2026-03-12 18:33:47
Block,销售,,,6999.3-8306.8,,,,https://www.levels.fyi/zh-cn/companies/block/salaries/sales,2026-03-12 18:33:48
Block,销售工程师,,,1.6万-1.8万,,,,https://www.levels.fyi/zh-cn/companies/block/salaries/sales-engineer,2026-03-12 18:33:53
Block,解决方案架构师,,,2.7万-3.2万,,,,https://www.levels.fyi/zh-cn/companies/block/salaries/solution-architect,2026-03-12 18:33:57
Block,技术写作师,,,1.6万-1.8万,,,,https://www.levels.fyi/zh-cn/companies/block/salaries/technical-writer,2026-03-12 18:34:01
